Date,SP500,CPI,LTR,CAPE,Kilde
1871-01,4.440000,12.464061,5.320000,,shiller
1871-02,4.500000,12.844641,5.323333,,shiller
1871-03,4.610000,13.034972,5.326667,,shiller
1871-04,4.740000,12.559226,5.330000,,shiller
1871-05,4.860000,12.273812,5.333333,,shiller
1871-06,4.820000,12.083481,5.336667,,shiller
1871-07,4.730000,12.083481,5.340000,,shiller
1871-08,4.790000,11.893231,5.343333,,shiller
1871-09,4.840000,12.178646,5.346667,,shiller
1871-10,4.590000,12.368896,5.350000,,shiller
1871-11,4.640000,12.368896,5.353333,,shiller
1871-12,4.740000,12.654392,5.356667,,shiller
1872-01,4.860000,12.654392,5.360000,,shiller
1872-02,4.880000,12.654392,5.378333,,shiller
1872-03,5.040000,12.844641,5.396667,,shiller
1872-04,5.180000,13.130137,5.415000,,shiller
1872-05,5.180000,13.130137,5.433333,,shiller
1872-06,5.130000,13.034972,5.451667,,shiller
1872-07,5.100000,12.844641,5.470000,,shiller
1872-08,5.040000,12.939807,5.488333,,shiller
1872-09,4.950000,13.034972,5.506667,,shiller
1872-10,4.970000,12.749476,5.525000,,shiller
1872-11,4.950000,13.130137,5.543333,,shiller
1872-12,5.070000,12.939807,5.561667,,shiller
1873-01,5.110000,12.939807,5.580000,,shiller
1873-02,5.150000,13.225221,5.570833,,shiller
1873-03,5.110000,13.225221,5.561667,,shiller
1873-04,5.040000,13.225221,5.552500,,shiller
1873-05,5.050000,12.939807,5.543333,,shiller
1873-06,4.980000,12.559226,5.534167,,shiller
1873-07,4.970000,12.559226,5.525000,,shiller
1873-08,4.970000,12.559226,5.515833,,shiller
1873-09,4.590000,12.559226,5.506667,,shiller
1873-10,4.190000,12.273812,5.497500,,shiller
1873-11,4.040000,11.893231,5.488333,,shiller
1873-12,4.420000,12.178646,5.479167,,shiller
1874-01,4.660000,12.368896,5.470000,,shiller
1874-02,4.800000,12.368896,5.436667,,shiller
1874-03,4.730000,12.368896,5.403333,,shiller
1874-04,4.600000,12.178646,5.370000,,shiller
1874-05,4.480000,12.083481,5.336667,,shiller
1874-06,4.460000,11.798066,5.303333,,shiller
1874-07,4.460000,11.893231,5.270000,,shiller
1874-08,4.470000,11.798066,5.236667,,shiller
1874-09,4.540000,11.798066,5.203333,,shiller
1874-10,4.530000,11.607736,5.170000,,shiller
1874-11,4.570000,11.512651,5.136667,,shiller
1874-12,4.540000,11.512651,5.103333,,shiller
1875-01,4.540000,11.512651,5.070000,,shiller
1875-02,4.530000,11.512651,5.030000,,shiller
1875-03,4.590000,11.512651,4.990000,,shiller
1875-04,4.650000,11.607736,4.950000,,shiller
1875-05,4.470000,11.322321,4.910000,,shiller
1875-06,4.380000,11.132071,4.870000,,shiller
1875-07,4.390000,11.132071,4.830000,,shiller
1875-08,4.410000,11.227155,4.790000,,shiller
1875-09,4.370000,11.132071,4.750000,,shiller
1875-10,4.300000,11.132071,4.710000,,shiller
1875-11,4.370000,11.036906,4.670000,,shiller
1875-12,4.370000,10.941740,4.630000,,shiller
1876-01,4.460000,10.846575,4.590000,,shiller
1876-02,4.520000,10.846575,4.578333,,shiller
1876-03,4.510000,10.846575,4.566667,,shiller
1876-04,4.340000,10.751491,4.555000,,shiller
1876-05,4.180000,10.370911,4.543333,,shiller
1876-06,4.150000,10.085415,4.531667,,shiller
1876-07,4.100000,10.085415,4.520000,,shiller
1876-08,3.930000,10.180580,4.508333,,shiller
1876-09,3.690000,10.275745,4.496667,,shiller
1876-10,3.670000,10.465995,4.485000,,shiller
1876-11,3.600000,10.561160,4.473333,,shiller
1876-12,3.580000,10.751491,4.461667,,shiller
1877-01,3.550000,10.941740,4.450000,,shiller
1877-02,3.340000,10.656326,4.440833,,shiller
1877-03,3.170000,10.180580,4.431667,,shiller
1877-04,2.940000,10.465995,4.422500,,shiller
1877-05,2.940000,10.656326,4.413333,,shiller
1877-06,2.730000,10.085415,4.404167,,shiller
1877-07,2.850000,10.180580,4.395000,,shiller
1877-08,3.050000,9.800000,4.385833,,shiller
1877-09,3.240000,9.704835,4.376667,,shiller
1877-10,3.310000,9.704835,4.367500,,shiller
1877-11,3.260000,9.514585,4.358333,,shiller
1877-12,3.250000,9.514585,4.349167,,shiller
1878-01,3.250000,9.229089,4.340000,,shiller
1878-02,3.180000,9.134005,4.330000,,shiller
1878-03,3.240000,8.943674,4.320000,,shiller
1878-04,3.330000,8.848509,4.310000,,shiller
1878-05,3.340000,8.563094,4.300000,,shiller
1878-06,3.410000,8.372845,4.290000,,shiller
1878-07,3.480000,8.467929,4.280000,,shiller
1878-08,3.450000,8.563094,4.270000,,shiller
1878-09,3.520000,8.563094,4.260000,,shiller
1878-10,3.480000,8.467929,4.250000,,shiller
1878-11,3.470000,8.372845,4.240000,,shiller
1878-12,3.450000,8.182514,4.230000,,shiller
1879-01,3.580000,8.277679,4.220000,,shiller
1879-02,3.710000,8.372845,4.203333,,shiller
1879-03,3.650000,8.277679,4.186667,,shiller
1879-04,3.770000,8.182514,4.170000,,shiller
1879-05,3.940000,8.182514,4.153333,,shiller
1879-06,3.960000,8.087381,4.136667,,shiller
1879-07,4.040000,8.182514,4.120000,,shiller
1879-08,4.070000,8.182514,4.103333,,shiller
1879-09,4.220000,8.467929,4.086667,,shiller
1879-10,4.680000,8.943674,4.070000,,shiller
1879-11,4.930000,9.419420,4.053333,,shiller
1879-12,4.920000,9.704835,4.036667,,shiller
1880-01,5.110000,9.990331,4.020000,,shiller
1880-02,5.200000,9.990331,3.993333,,shiller
1880-03,5.300000,10.085415,3.966667,,shiller
1880-04,5.180000,9.704835,3.940000,,shiller
1880-05,4.770000,9.419420,3.913333,,shiller
1880-06,4.790000,9.229089,3.886667,,shiller
1880-07,5.010000,9.229089,3.860000,,shiller
1880-08,5.190000,9.229089,3.833333,,shiller
1880-09,5.180000,9.324255,3.806667,,shiller
1880-10,5.330000,9.324255,3.780000,,shiller
1880-11,5.610000,9.419420,3.753333,,shiller
1880-12,5.840000,9.514585,3.726667,,shiller
1881-01,6.190000,9.419420,3.700000,18.473952,shiller
1881-02,6.170000,9.514585,3.693333,18.147258,shiller
1881-03,6.240000,9.514585,3.686667,18.270119,shiller
1881-04,6.220000,9.609669,3.680000,17.950108,shiller
1881-05,6.500000,9.514585,3.673333,18.869719,shiller
1881-06,6.580000,9.514585,3.666667,19.028711,shiller
1881-07,6.350000,9.609669,3.660000,18.116367,shiller
1881-08,6.200000,9.800000,3.653333,17.286244,shiller
1881-09,6.250000,10.180580,3.646667,16.724837,shiller
1881-10,6.150000,10.275745,3.640000,16.261989,shiller
1881-11,6.190000,10.180580,3.633333,16.478642,shiller
1881-12,6.010000,10.180580,3.626667,15.958754,shiller
1882-01,5.920000,10.180580,3.620000,15.678764,shiller
1882-02,5.790000,10.275745,3.620833,15.153862,shiller
1882-03,5.780000,10.275745,3.621667,15.091670,shiller
1882-04,5.780000,10.370911,3.622500,14.916997,shiller
1882-05,5.710000,10.465995,3.623333,14.567103,shiller
1882-06,5.680000,10.561160,3.624167,14.327405,shiller
1882-07,6.000000,10.465995,3.625000,15.240560,shiller
1882-08,6.180000,10.561160,3.625833,15.525429,shiller
1882-09,6.240000,10.275745,3.626667,16.081107,shiller
1882-10,6.070000,10.180580,3.627500,15.755581,shiller
1882-11,5.810000,10.085415,3.628333,15.192670,shiller
1882-12,5.840000,9.990331,3.629167,15.382128,shiller
1883-01,5.810000,9.990331,3.630000,15.270259,shiller
1883-02,5.680000,10.085415,3.629167,14.757590,shiller
1883-03,5.750000,9.990331,3.628333,15.051254,shiller
1883-04,5.870000,9.895165,3.627500,15.482067,shiller
1883-05,5.770000,9.800000,3.626667,15.335498,shiller
1883-06,5.820000,9.514585,3.625833,15.903388,shiller
1883-07,5.730000,9.324255,3.625000,15.948783,shiller
1883-08,5.470000,9.324255,3.624167,15.196811,shiller
1883-09,5.530000,9.229089,3.623333,15.494692,shiller
1883-10,5.380000,9.229089,3.622500,15.048056,shiller
1883-11,5.460000,9.134005,3.621667,15.408218,shiller
1883-12,5.340000,9.229089,3.620833,14.896404,shiller
1884-01,5.180000,9.229089,3.620000,14.432822,shiller
1884-02,5.320000,9.229089,3.611667,14.805960,shiller
1884-03,5.300000,9.229089,3.603333,14.736023,shiller
1884-04,5.060000,9.038840,3.595000,14.353454,shiller
1884-05,4.650000,8.848509,3.586667,13.465050,shiller
1884-06,4.460000,8.848509,3.578333,12.906876,shiller
1884-07,4.460000,8.753425,3.570000,13.043932,shiller
1884-08,4.740000,8.753425,3.561667,13.859813,shiller
1884-09,4.590000,8.658260,3.553333,13.569155,shiller
1884-10,4.440000,8.563094,3.545000,13.273251,shiller
1884-11,4.350000,8.372845,3.536667,13.304438,shiller
1884-12,4.340000,8.277679,3.528333,13.432293,shiller
1885-01,4.240000,8.277679,3.520000,13.129817,shiller
1885-02,4.370000,8.372845,3.507500,13.384818,shiller
1885-03,4.380000,8.182514,3.495000,13.734194,shiller
1885-04,4.370000,8.277679,3.482500,13.548549,shiller
1885-05,4.320000,8.087381,3.470000,13.711372,shiller
1885-06,4.300000,7.897091,3.457500,13.978784,shiller
1885-07,4.460000,7.992232,3.445000,14.326659,shiller
1885-08,4.710000,7.992232,3.432500,15.130411,shiller
1885-09,4.650000,7.897091,3.420000,15.116285,shiller
1885-10,4.920000,7.897091,3.407500,15.991024,shiller
1885-11,5.240000,7.992232,3.395000,16.824034,shiller
1885-12,5.200000,8.182514,3.382500,16.304476,shiller
1886-01,5.200000,7.992232,3.370000,16.692317,shiller
1886-02,5.300000,7.992232,3.382500,17.006648,shiller
1886-03,5.190000,7.897091,3.395000,16.843266,shiller
1886-04,5.120000,7.801942,3.407500,16.801716,shiller
1886-05,5.020000,7.611652,3.420000,16.863196,shiller
1886-06,5.250000,7.516503,3.432500,17.831494,shiller
1886-07,5.330000,7.611652,3.445000,17.845845,shiller
1886-08,5.370000,7.706793,3.457500,17.723913,shiller
1886-09,5.510000,7.706793,3.470000,18.147144,shiller
1886-10,5.650000,7.706793,3.482500,18.562381,shiller
1886-11,5.790000,7.706793,3.495000,18.968313,shiller
1886-12,5.640000,7.801942,3.507500,18.194058,shiller
1887-01,5.580000,7.992232,3.520000,17.512222,shiller
1887-02,5.540000,8.087381,3.532500,17.125367,shiller
1887-03,5.670000,8.087381,3.545000,17.473214,shiller
1887-04,5.800000,8.087381,3.557500,17.822984,shiller
1887-05,5.900000,8.087381,3.570000,18.075445,shiller
1887-06,5.730000,7.992232,3.582500,17.707696,shiller
1887-07,5.590000,7.897091,3.595000,17.431461,shiller
1887-08,5.450000,7.992232,3.607500,16.739850,shiller
1887-09,5.380000,7.897091,3.620000,16.676630,shiller
1887-10,5.200000,7.992232,3.632500,15.880667,shiller
1887-11,5.300000,8.087381,3.645000,15.950712,shiller
1887-12,5.270000,8.277679,3.657500,15.455513,shiller
1888-01,5.310000,8.372845,3.670000,15.358663,shiller
1888-02,5.280000,8.277679,3.651667,15.418178,shiller
1888-03,5.080000,8.277679,3.633333,14.808972,shiller
1888-04,5.100000,8.182514,3.615000,15.020109,shiller
1888-05,5.170000,8.087381,3.596667,15.387917,shiller
1888-06,5.010000,7.992232,3.578333,15.077629,shiller
1888-07,5.140000,8.087381,3.560000,15.279643,shiller
1888-08,5.250000,8.087381,3.541667,15.602912,shiller
1888-09,5.380000,8.087381,3.523333,15.987829,shiller
1888-10,5.350000,8.182514,3.505000,15.715942,shiller
1888-11,5.240000,8.277679,3.486667,15.223749,shiller
1888-12,5.140000,8.277679,3.468333,14.946748,shiller
1889-01,5.240000,7.992232,3.450000,15.802286,shiller
1889-02,5.300000,7.897091,3.447500,16.192720,shiller
1889-03,5.190000,7.801942,3.445000,16.065045,shiller
1889-04,5.180000,7.801942,3.442500,16.050105,shiller
1889-05,5.320000,7.611652,3.440000,16.915421,shiller
1889-06,5.410000,7.611652,3.437500,17.219303,shiller
1889-07,5.300000,7.611652,3.435000,16.889214,shiller
1889-08,5.370000,7.611652,3.432500,17.131854,shiller
1889-09,5.500000,7.706793,3.430000,17.350788,shiller
1889-10,5.400000,7.706793,3.427500,17.053214,shiller
1889-11,5.350000,7.706793,3.425000,16.906021,shiller
1889-12,5.320000,7.801942,3.422500,16.610338,shiller
1890-01,5.380000,7.611652,3.420000,17.220072,shiller
1890-02,5.320000,7.611652,3.436667,17.026815,shiller
1890-03,5.280000,7.611652,3.453333,16.901122,shiller
1890-04,5.390000,7.611652,3.470000,17.257855,shiller
1890-05,5.620000,7.706793,3.486667,17.786430,shiller
1890-06,5.580000,7.706793,3.503333,17.684361,shiller
1890-07,5.540000,7.706793,3.520000,17.589295,shiller
1890-08,5.410000,7.992232,3.536667,16.596791,shiller
1890-09,5.320000,8.087381,3.553333,16.169702,shiller
1890-10,5.080000,8.087381,3.570000,15.482849,shiller
1890-11,4.710000,7.897091,3.586667,14.745043,shiller
1890-12,4.600000,7.897091,3.603333,14.442991,shiller
1891-01,4.840000,7.801942,3.620000,15.428980,shiller
1891-02,4.900000,7.897091,3.618333,15.476522,shiller
1891-03,4.810000,7.992232,3.616667,15.051623,shiller
1891-04,4.970000,8.087381,3.615000,15.408945,shiller
1891-05,4.950000,7.992232,3.613333,15.566495,shiller
1891-06,4.850000,7.801942,3.611667,15.658211,shiller
1891-07,4.770000,7.706793,3.610000,15.617919,shiller
1891-08,4.930000,7.706793,3.608333,16.163999,shiller
1891-09,5.330000,7.611652,3.606667,17.711261,shiller
1891-10,5.330000,7.611652,3.605000,17.716569,shiller
1891-11,5.250000,7.516503,3.603333,17.671739,shiller
1891-12,5.410000,7.516503,3.601667,18.206303,shiller
1892-01,5.510000,7.326213,3.600000,19.016388,shiller
1892-02,5.520000,7.326213,3.612500,19.036425,shiller
1892-03,5.580000,7.135923,3.625000,19.738055,shiller
1892-04,5.570000,7.040774,3.637500,19.943265,shiller
1892-05,5.570000,7.040774,3.650000,19.911465,shiller
1892-06,5.540000,7.040774,3.662500,19.769284,shiller
1892-07,5.540000,7.231072,3.675000,19.211886,shiller
1892-08,5.620000,7.326213,3.687500,19.204304,shiller
1892-09,5.480000,7.326213,3.700000,18.694272,shiller
1892-10,5.590000,7.326213,3.712500,19.040215,shiller
1892-11,5.570000,7.516503,3.725000,18.463313,shiller
1892-12,5.510000,7.611652,3.737500,18.013009,shiller
1893-01,5.610000,7.897091,3.750000,17.656644,shiller
1893-02,5.510000,7.992232,3.745833,17.125194,shiller
1893-03,5.310000,7.801942,3.741667,16.899589,shiller
1893-04,5.310000,7.706793,3.737500,17.102542,shiller
1893-05,4.840000,7.611652,3.733333,15.780987,shiller
1893-06,4.610000,7.421362,3.729167,15.416504,shiller
1893-07,4.180000,7.231072,3.725000,14.349854,shiller
1893-08,4.080000,6.945633,3.720833,14.588057,shiller
1893-09,4.370000,7.231072,3.716667,15.012069,shiller
1893-10,4.500000,7.326213,3.712500,15.271794,shiller
1893-11,4.570000,7.135923,3.708333,15.942411,shiller
1893-12,4.410000,7.040774,3.704167,15.612694,shiller
1894-01,4.320000,6.850483,3.700000,15.739869,shiller
1894-02,4.380000,6.755342,3.680000,16.202737,shiller
1894-03,4.510000,6.565052,3.660000,17.187622,shiller
1894-04,4.570000,6.565052,3.640000,17.434849,shiller
1894-05,4.400000,6.565052,3.620000,16.808752,shiller
1894-06,4.340000,6.565052,3.600000,16.606320,shiller
1894-07,4.250000,6.565052,3.580000,16.289680,shiller
1894-08,4.410000,6.755342,3.560000,16.457777,shiller
1894-09,4.480000,6.850483,3.540000,16.522315,shiller
1894-10,4.340000,6.660193,3.520000,16.502904,shiller
1894-11,4.340000,6.660193,3.500000,16.542784,shiller
1894-12,4.300000,6.565052,3.480000,16.672466,shiller
1895-01,4.250000,6.565052,3.460000,16.524444,shiller
1895-02,4.190000,6.565052,3.471667,16.331238,shiller
1895-03,4.190000,6.565052,3.483333,16.364625,shiller
1895-04,4.370000,6.850483,3.495000,16.387544,shiller
1895-05,4.610000,6.945633,3.506667,17.080370,shiller
1895-06,4.700000,7.040774,3.518333,17.207414,shiller
1895-07,4.720000,6.945633,3.530000,17.546015,shiller
1895-08,4.790000,6.850483,3.541667,18.074073,shiller
1895-09,4.820000,6.850483,3.553333,18.200336,shiller
1895-10,4.750000,6.850483,3.565000,17.944707,shiller
1895-11,4.590000,6.850483,3.576667,17.342999,shiller
1895-12,4.320000,6.755342,3.588333,16.548415,shiller
1896-01,4.270000,6.660193,3.600000,16.576225,shiller
1896-02,4.450000,6.565052,3.583333,17.515403,shiller
1896-03,4.380000,6.565052,3.566667,17.232363,shiller
1896-04,4.420000,6.469903,3.550000,17.643699,shiller
1896-05,4.400000,6.374754,3.533333,17.828267,shiller
1896-06,4.320000,6.279613,3.516667,17.777579,shiller
1896-07,4.040000,6.279613,3.500000,16.637100,shiller
1896-08,3.810000,6.279613,3.483333,15.703371,shiller
1896-09,4.010000,6.279613,3.466667,16.544340,shiller
1896-10,4.100000,6.469903,3.450000,16.438867,shiller
1896-11,4.380000,6.660193,3.433333,17.089425,shiller
1896-12,4.220000,6.660193,3.416667,16.501404,shiller
1897-01,4.220000,6.469903,3.400000,17.026521,shiller
1897-02,4.180000,6.469903,3.395833,16.894026,shiller
1897-03,4.190000,6.469903,3.391667,16.958031,shiller
1897-04,4.060000,6.374754,3.387500,16.696857,shiller
1897-05,4.080000,6.279613,3.383333,17.047755,shiller
1897-06,4.270000,6.279613,3.379167,17.850497,shiller
1897-07,4.460000,6.279613,3.375000,18.651976,shiller
1897-08,4.750000,6.565052,3.370833,19.006396,shiller
1897-09,4.980000,6.755342,3.366667,19.372370,shiller
1897-10,4.820000,6.660193,3.362500,19.028031,shiller
1897-11,4.650000,6.660193,3.358333,18.358448,shiller
1897-12,4.750000,6.660193,3.354167,18.748758,shiller
1898-01,4.880000,6.660193,3.350000,19.249000,shiller
1898-02,4.870000,6.755342,3.329167,18.918132,shiller
1898-03,4.650000,6.755342,3.308333,18.042175,shiller
1898-04,4.570000,6.755342,3.287500,17.705089,shiller
1898-05,4.870000,7.231072,3.266667,17.595635,shiller
1898-06,5.060000,6.755342,3.245833,19.544817,shiller
1898-07,5.080000,6.660193,3.225000,19.858943,shiller
1898-08,5.270000,6.660193,3.204167,20.544915,shiller
1898-09,5.260000,6.660193,3.183333,20.442733,shiller
1898-10,5.150000,6.660193,3.162500,19.947200,shiller
1898-11,5.320000,6.660193,3.141667,20.527416,shiller
1898-12,5.650000,6.755342,3.120833,21.403632,shiller
1899-01,6.080000,6.755342,3.100000,22.932807,shiller
1899-02,6.310000,6.945633,3.104167,23.048118,shiller
1899-03,6.400000,6.945633,3.108333,23.279682,shiller
1899-04,6.480000,7.040774,3.112500,23.152422,shiller
1899-05,6.210000,7.040774,3.116667,22.091269,shiller
1899-06,6.070000,7.135923,3.120833,21.212092,shiller
1899-07,6.280000,7.231072,3.125000,21.561426,shiller
1899-08,6.440000,7.326213,3.129167,21.726237,shiller
1899-09,6.370000,7.611652,3.133333,20.591141,shiller
1899-10,6.340000,7.706793,3.137500,20.153713,shiller
1899-11,6.460000,7.801942,3.141667,20.196458,shiller
1899-12,6.020000,7.897091,3.145833,18.512650,shiller
1900-01,6.100000,7.897091,3.150000,18.674275,shiller
1900-02,6.210000,7.992232,3.145833,18.703797,shiller
1900-03,6.260000,7.992232,3.141667,18.775793,shiller
1900-04,6.340000,7.992232,3.137500,18.936402,shiller
1900-05,6.040000,7.801942,3.133333,18.403197,shiller
1900-06,5.860000,7.706793,3.129167,17.992712,shiller
1900-07,5.860000,7.801942,3.125000,17.689545,shiller
1900-08,5.940000,7.706793,3.120833,18.069615,shiller
1900-09,5.800000,7.801942,3.116667,17.341874,shiller
1900-10,6.010000,7.706793,3.112500,18.102399,shiller
1900-11,6.480000,7.706793,3.108333,19.419585,shiller
1900-12,6.870000,7.611652,3.104167,20.744051,shiller
1901-01,7.070000,7.706793,3.100000,20.978582,shiller
1901-02,7.250000,7.611652,3.106667,21.679150,shiller
1901-03,7.510000,7.611652,3.113333,22.347584,shiller
1901-04,8.140000,7.516503,3.120000,24.409717,shiller
1901-05,7.730000,7.516503,3.126667,23.064013,shiller
1901-06,8.500000,7.516503,3.133333,25.238466,shiller
1901-07,7.930000,7.611652,3.140000,23.144849,shiller
1901-08,8.040000,7.706793,3.146667,23.077178,shiller
1901-09,8.000000,7.801942,3.153333,22.590468,shiller
1901-10,7.910000,7.801942,3.160000,22.252902,shiller
1901-11,8.080000,7.897091,3.166667,22.375075,shiller
1901-12,7.950000,7.992232,3.173333,21.680215,shiller
1902-01,8.120000,7.897091,3.180000,22.340291,shiller
1902-02,8.190000,7.897091,3.190000,22.459957,shiller
1902-03,8.200000,7.897091,3.200000,22.410652,shiller
1902-04,8.480000,7.992232,3.210000,22.823109,shiller
1902-05,8.460000,8.087381,3.220000,22.427954,shiller
1902-06,8.410000,8.182514,3.230000,21.963742,shiller
1902-07,8.600000,8.182514,3.240000,22.385687,shiller
1902-08,8.830000,8.087381,3.250000,23.168672,shiller
1902-09,8.850000,8.182514,3.260000,22.856566,shiller
1902-10,8.570000,8.753425,3.270000,20.604425,shiller
1902-11,8.240000,8.467929,3.280000,20.408541,shiller
1902-12,8.050000,8.563094,3.290000,19.633232,shiller
1903-01,8.460000,8.658260,3.300000,20.318132,shiller
1903-02,8.410000,8.658260,3.308333,20.107052,shiller
1903-03,8.080000,8.372845,3.316667,19.884560,shiller
1903-04,7.750000,8.372845,3.325000,18.980023,shiller
1903-05,7.600000,8.182514,3.333333,18.954859,shiller
1903-06,7.180000,8.182514,3.341667,17.818552,shiller
1903-07,6.850000,8.182514,3.350000,16.918178,shiller
1903-08,6.630000,8.182514,3.358333,16.299119,shiller
1903-09,6.470000,8.277679,3.366667,15.654359,shiller
1903-10,6.260000,8.182514,3.375000,15.252944,shiller
1903-11,6.280000,8.087381,3.383333,15.407878,shiller
1903-12,6.570000,8.087381,3.391667,16.042894,shiller
1904-01,6.680000,8.277679,3.400000,15.861834,shiller
1904-02,6.500000,8.467929,3.406667,15.021498,shiller
1904-03,6.480000,8.372845,3.413333,15.081930,shiller
1904-04,6.640000,8.277679,3.420000,15.565491,shiller
1904-05,6.500000,8.087381,3.426667,15.525821,shiller
1904-06,6.510000,8.087381,3.433333,15.474434,shiller
1904-07,6.780000,8.087381,3.440000,16.036402,shiller
1904-08,7.010000,8.182514,3.446667,16.304652,shiller
1904-09,7.320000,8.277679,3.453333,16.742600,shiller
1904-10,7.750000,8.277679,3.460000,17.633197,shiller
1904-11,8.170000,8.467929,3.466667,18.076200,shiller
1904-12,8.250000,8.467929,3.473333,18.159679,shiller
1905-01,8.430000,8.467929,3.480000,18.459852,shiller
1905-02,8.800000,8.467929,3.475833,19.168996,shiller
1905-03,9.050000,8.372845,3.471667,19.831506,shiller
1905-04,8.940000,8.372845,3.467500,19.482928,shiller
1905-05,8.500000,8.277679,3.463333,18.629488,shiller
1905-06,8.600000,8.277679,3.459167,18.735862,shiller
1905-07,8.870000,8.277679,3.455000,19.205883,shiller
1905-08,9.200000,8.372845,3.450833,19.573308,shiller
1905-09,9.230000,8.277679,3.446667,19.743492,shiller
1905-10,9.360000,8.277679,3.442500,19.897395,shiller
1905-11,9.310000,8.372845,3.438333,19.443526,shiller
1905-12,9.540000,8.467929,3.434167,19.577961,shiller
1906-01,9.870000,8.467929,3.430000,20.132402,shiller
1906-02,9.800000,8.467929,3.450000,19.866753,shiller
1906-03,9.560000,8.467929,3.470000,19.259453,shiller
1906-04,9.430000,8.467929,3.490000,18.876205,shiller
1906-05,9.180000,8.563094,3.510000,18.054044,shiller
1906-06,9.300000,8.563094,3.530000,18.172666,shiller
1906-07,9.060000,8.277679,3.550000,18.195200,shiller
1906-08,9.730000,8.467929,3.570000,18.967251,shiller
1906-09,10.030000,8.563094,3.590000,19.200994,shiller
1906-10,9.730000,8.753425,3.610000,18.095381,shiller
1906-11,9.930000,8.848509,3.630000,18.141852,shiller
1906-12,9.840000,8.943674,3.650000,17.660004,shiller
1907-01,9.560000,8.848509,3.670000,17.218914,shiller
1907-02,9.260000,9.038840,3.686667,16.217071,shiller
1907-03,8.350000,8.943674,3.703333,14.687545,shiller
1907-04,8.390000,8.943674,3.720000,14.669710,shiller
1907-05,8.100000,9.134005,3.736667,13.790107,shiller
1907-06,7.840000,9.229089,3.753333,13.144270,shiller
1907-07,8.140000,9.229089,3.770000,13.585007,shiller
1907-08,7.530000,9.229089,3.786667,12.513472,shiller
1907-09,7.450000,9.229089,3.803333,12.328570,shiller
1907-10,6.640000,9.324255,3.820000,10.831840,shiller
1907-11,6.250000,8.943674,3.836667,10.591178,shiller
1907-12,6.570000,8.753425,3.853333,11.333306,shiller
1908-01,6.850000,8.658260,3.870000,11.902969,shiller
1908-02,6.600000,8.563094,3.860833,11.554846,shiller
1908-03,6.870000,8.563094,3.851667,11.984663,shiller
1908-04,7.240000,8.658260,3.842500,12.448889,shiller
1908-05,7.630000,8.658260,3.833333,13.078451,shiller
1908-06,7.640000,8.658260,3.824167,13.051684,shiller
1908-07,7.920000,8.753425,3.815000,13.345487,shiller
1908-08,8.260000,8.753425,3.805833,13.884233,shiller
1908-09,8.170000,8.753425,3.796667,13.701442,shiller
1908-10,8.270000,8.848509,3.787500,13.690810,shiller
1908-11,8.830000,8.943674,3.778333,14.435014,shiller
1908-12,9.030000,9.038840,3.769167,14.582483,shiller
1909-01,9.060000,8.943674,3.760000,14.764418,shiller
1909-02,8.800000,9.038840,3.772500,14.167158,shiller
1909-03,8.920000,9.038840,3.785000,14.336058,shiller
1909-04,9.320000,9.229089,3.797500,14.645199,shiller
1909-05,9.630000,9.324255,3.810000,14.953510,shiller
1909-06,9.800000,9.419420,3.822500,15.040445,shiller
1909-07,9.940000,9.419420,3.835000,15.231503,shiller
1909-08,10.180000,9.514585,3.847500,15.417581,shiller
1909-09,10.190000,9.609669,3.860000,15.254446,shiller
1909-10,10.230000,9.800000,3.872500,14.988845,shiller
1909-11,10.180000,9.895165,3.885000,14.745631,shiller
1909-12,10.300000,9.990331,3.897500,14.750638,shiller
1910-01,10.080000,9.895165,3.910000,14.547885,shiller
1910-02,9.720000,9.895165,3.915833,14.002038,shiller
1910-03,9.960000,10.085415,3.921667,14.050007,shiller
1910-04,9.720000,10.180580,3.927500,13.559884,shiller
1910-05,9.560000,9.990331,3.933333,13.568792,shiller
1910-06,9.100000,9.895165,3.939167,13.019657,shiller
1910-07,8.640000,9.895165,3.945000,12.342581,shiller
1910-08,8.850000,9.800000,3.950833,12.745055,shiller
1910-09,8.910000,9.704835,3.956667,12.937161,shiller
1910-10,9.320000,9.419420,3.962500,13.918867,shiller
1910-11,9.310000,9.229089,3.968333,14.164523,shiller
1910-12,9.050000,9.229089,3.974167,13.741478,shiller
1911-01,9.270000,9.229089,3.980000,14.049215,shiller
1911-02,9.430000,8.943674,3.982500,14.721488,shiller
1911-03,9.320000,9.038840,3.985000,14.370623,shiller
1911-04,9.280000,8.753425,3.987500,14.752935,shiller
1911-05,9.480000,8.753425,3.990000,15.047661,shiller
1911-06,9.670000,8.753425,3.992500,15.328356,shiller
1911-07,9.630000,8.848509,3.995000,15.083111,shiller
1911-08,9.170000,9.134005,3.997500,13.899791,shiller
1911-09,8.670000,9.229089,4.000000,12.997954,shiller
1911-10,8.720000,9.229089,4.002500,13.066473,shiller
1911-11,9.070000,9.134005,4.005000,13.727998,shiller
1911-12,9.110000,9.038840,4.007500,13.929258,shiller
1912-01,9.120000,9.134005,4.010000,13.794953,shiller
1912-02,9.040000,9.229089,4.046667,13.531634,shiller
1912-03,9.300000,9.419420,4.083333,13.639769,shiller
1912-04,9.590000,9.704835,4.120000,13.654393,shiller
1912-05,9.580000,9.704835,4.156667,13.645501,shiller
1912-06,9.580000,9.609669,4.193333,13.785417,shiller
1912-07,9.590000,9.609669,4.230000,13.802877,shiller
1912-08,9.810000,9.704835,4.266667,13.984762,shiller
1912-09,9.860000,9.800000,4.303333,13.926285,shiller
1912-10,9.840000,9.800000,4.340000,13.905093,shiller
1912-11,9.730000,9.800000,4.376667,13.749541,shiller
1912-12,9.380000,9.704835,4.413333,13.388999,shiller
1913-01,9.300000,9.800000,4.450000,13.148089,shiller
1913-02,8.970000,9.800000,4.425833,12.682961,shiller
1913-03,8.800000,9.800000,4.401667,12.443454,shiller
1913-04,8.790000,9.800000,4.377500,12.433067,shiller
1913-05,8.550000,9.700000,4.353333,12.221401,shiller
1913-06,8.120000,9.800000,4.329167,11.491963,shiller
1913-07,8.230000,9.900000,4.305000,11.534023,shiller
1913-08,8.450000,9.900000,4.280833,11.846841,shiller
1913-09,8.530000,10.000000,4.256667,11.843317,shiller
1913-10,8.260000,10.000000,4.232500,11.471490,shiller
1913-11,8.050000,10.100000,4.208333,11.072538,shiller
1913-12,8.040000,10.000000,4.184167,11.174041,shiller
1914-01,8.370000,10.000000,4.160000,11.636092,shiller
1914-02,8.480000,9.900000,4.166667,11.910234,shiller
1914-03,8.320000,9.900000,4.173333,11.685526,shiller
1914-04,8.120000,9.800000,4.180000,11.522663,shiller
1914-05,8.170000,9.900000,4.186667,11.479009,shiller
1914-06,8.130000,9.900000,4.193333,11.428715,shiller
1914-07,7.680000,10.000000,4.200000,10.694345,shiller
1914-08,7.680000,10.200000,4.206667,10.492046,shiller
1914-09,7.680000,10.200000,4.213333,10.500497,shiller
1914-10,7.680000,10.100000,4.220000,10.612759,shiller
1914-11,7.680000,10.200000,4.226667,10.516918,shiller
1914-12,7.350000,10.100000,4.233333,10.172218,shiller
1915-01,7.480000,10.100000,4.240000,10.359834,shiller
1915-02,7.380000,10.000000,4.224167,10.329786,shiller
1915-03,7.570000,9.900000,4.208333,10.707013,shiller
1915-04,8.140000,10.000000,4.192500,11.401124,shiller
1915-05,7.950000,10.100000,4.176667,11.026930,shiller
1915-06,8.040000,10.100000,4.160833,11.154262,shiller
1915-07,8.010000,10.100000,4.145000,11.113629,shiller
1915-08,8.350000,10.100000,4.129167,11.584832,shiller
1915-09,8.660000,10.100000,4.113333,12.011571,shiller
1915-10,9.140000,10.200000,4.097500,12.549076,shiller
1915-11,9.460000,10.300000,4.081667,12.857714,shiller
1915-12,9.480000,10.300000,4.065833,12.878445,shiller
1916-01,9.330000,10.400000,4.050000,12.543564,shiller
1916-02,9.200000,10.400000,4.065000,12.354652,shiller
1916-03,9.170000,10.500000,4.080000,12.177053,shiller
1916-04,9.070000,10.600000,4.095000,11.906482,shiller
1916-05,9.270000,10.700000,4.110000,12.026257,shiller
1916-06,9.360000,10.800000,4.125000,11.995961,shiller
1916-07,9.230000,10.800000,4.140000,11.791165,shiller
1916-08,9.300000,10.900000,4.155000,11.732083,shiller
1916-09,9.680000,11.100000,4.170000,11.944552,shiller
1916-10,9.980000,11.300000,4.185000,12.045742,shiller
1916-11,10.210000,11.500000,4.200000,12.053230,shiller
1916-12,9.800000,11.600000,4.215000,11.413559,shiller
1917-01,9.570000,11.700000,4.230000,10.992361,shiller
1917-02,9.030000,12.000000,4.258333,10.063188,shiller
1917-03,9.310000,12.000000,4.286667,10.327157,shiller
1917-04,9.170000,12.600000,4.315000,9.644531,shiller
1917-05,8.860000,12.800000,4.343333,9.138989,shiller
1917-06,9.040000,13.000000,4.371667,9.148220,shiller
1917-07,8.790000,12.800000,4.400000,9.003472,shiller
1917-08,8.530000,13.000000,4.428333,8.572680,shiller
1917-09,8.120000,13.300000,4.456667,7.950823,shiller
1917-10,7.680000,13.500000,4.485000,7.387134,shiller
1917-11,7.040000,13.500000,4.513333,6.753014,shiller
1917-12,6.800000,13.700000,4.541667,6.412594,shiller
1918-01,7.210000,14.000000,4.570000,6.640646,shiller
1918-02,7.430000,14.100000,4.564167,6.784344,shiller
1918-03,7.280000,14.000000,4.558333,6.686356,shiller
1918-04,7.210000,14.200000,4.552500,6.520728,shiller
1918-05,7.440000,14.500000,4.546667,6.582363,shiller
1918-06,7.450000,14.700000,4.540833,6.496291,shiller
1918-07,7.510000,15.100000,4.535000,6.371324,shiller
1918-08,7.580000,15.400000,4.529167,6.303074,shiller
1918-09,7.540000,15.700000,4.523333,6.149171,shiller
1918-10,7.860000,16.000000,4.517500,6.290515,shiller
1918-11,8.060000,16.300000,4.511667,6.333327,shiller
1918-12,7.900000,16.500000,4.505833,6.134580,shiller
1919-01,7.850000,16.500000,4.500000,6.098468,shiller
1919-02,7.880000,16.200000,4.539167,6.239693,shiller
1919-03,8.120000,16.400000,4.578333,6.356074,shiller
1919-04,8.390000,16.700000,4.617500,6.456140,shiller
1919-05,8.970000,16.900000,4.656667,6.829002,shiller
1919-06,9.210000,16.900000,4.695833,7.021615,shiller
1919-07,9.510000,17.400000,4.735000,7.052837,shiller
1919-08,8.870000,17.700000,4.774167,6.479131,shiller
1919-09,9.010000,17.800000,4.813333,6.558482,shiller
1919-10,9.470000,18.100000,4.852500,6.794704,shiller
1919-11,9.190000,18.500000,4.891667,6.467023,shiller
1919-12,8.920000,18.900000,4.930833,6.160717,shiller
1920-01,8.830000,19.300000,4.970000,5.989668,shiller
1920-02,8.100000,19.500000,4.980000,5.455348,shiller
1920-03,8.670000,19.700000,4.990000,5.798823,shiller
1920-04,8.600000,20.300000,5.000000,5.599859,shiller
1920-05,8.060000,20.600000,5.010000,5.188950,shiller
1920-06,7.920000,20.900000,5.020000,5.043640,shiller
1920-07,7.910000,20.800000,5.030000,5.080593,shiller
1920-08,7.600000,20.300000,5.040000,5.020701,shiller
1920-09,7.870000,20.000000,5.050000,5.297163,shiller
1920-10,7.880000,19.900000,5.060000,5.351177,shiller
1920-11,7.480000,19.800000,5.070000,5.126408,shiller
1920-12,6.810000,19.400000,5.080000,4.784241,shiller
1921-01,7.110000,19.000000,5.090000,5.122184,shiller
1921-02,7.060000,18.400000,5.024167,5.274857,shiller
1921-03,6.880000,18.300000,4.958333,5.192348,shiller
1921-04,6.910000,18.100000,4.892500,5.297086,shiller
1921-05,7.120000,17.700000,4.826667,5.609469,shiller
1921-06,6.550000,17.600000,4.760833,5.216111,shiller
1921-07,6.530000,17.700000,4.695000,5.197779,shiller
1921-08,6.450000,17.700000,4.629167,5.161295,shiller
1921-09,6.610000,17.500000,4.563333,5.377524,shiller
1921-10,6.700000,17.500000,4.497500,5.479258,shiller
1921-11,7.060000,17.400000,4.431667,5.838197,shiller
1921-12,7.310000,17.300000,4.365833,6.114159,shiller
1922-01,7.300000,16.900000,4.300000,6.287087,shiller
1922-02,7.460000,16.900000,4.305000,6.461306,shiller
1922-03,7.740000,16.700000,4.310000,6.821387,shiller
1922-04,8.210000,16.700000,4.315000,7.273253,shiller
1922-05,8.530000,16.700000,4.320000,7.593467,shiller
1922-06,8.450000,16.700000,4.325000,7.557987,shiller
1922-07,8.510000,16.800000,4.330000,7.602095,shiller
1922-08,8.830000,16.600000,4.335000,8.020031,shiller
1922-09,9.060000,16.600000,4.340000,8.265083,shiller
1922-10,9.260000,16.700000,4.345000,8.432152,shiller
1922-11,8.800000,16.800000,4.350000,7.998254,shiller
1922-12,8.780000,16.900000,4.355000,7.964680,shiller
1923-01,8.900000,16.800000,4.360000,8.154200,shiller
1923-02,9.280000,16.800000,4.335000,8.533361,shiller
1923-03,9.430000,16.800000,4.310000,8.700738,shiller
1923-04,9.100000,16.900000,4.285000,8.372810,shiller
1923-05,8.670000,16.900000,4.260000,8.000498,shiller
1923-06,8.340000,17.000000,4.235000,7.671825,shiller
1923-07,8.060000,17.200000,4.210000,7.345985,shiller
1923-08,8.100000,17.100000,4.185000,7.441783,shiller
1923-09,8.150000,17.200000,4.160000,7.458184,shiller
1923-10,8.030000,17.300000,4.135000,7.317400,shiller
1923-11,8.270000,17.300000,4.110000,7.546328,shiller
1923-12,8.550000,17.300000,4.085000,7.809739,shiller
1924-01,8.830000,17.300000,4.060000,8.072249,shiller
1924-02,8.870000,17.200000,4.043333,8.162066,shiller
1924-03,8.700000,17.100000,4.026667,8.058077,shiller
1924-04,8.500000,17.000000,4.010000,7.923620,shiller
1924-05,8.470000,17.000000,3.993333,7.899698,shiller
1924-06,8.630000,17.000000,3.976667,8.051677,shiller
1924-07,9.030000,17.100000,3.960000,8.377712,shiller
1924-08,9.340000,17.000000,3.943333,8.717418,shiller
1924-09,9.250000,17.100000,3.926667,8.581670,shiller
1924-10,9.130000,17.200000,3.910000,8.419491,shiller
1924-11,9.640000,17.200000,3.893333,8.888327,shiller
1924-12,10.160000,17.300000,3.876667,9.310640,shiller
1925-01,10.580000,17.300000,3.860000,9.692619,shiller
1925-02,10.670000,17.200000,3.845000,9.830805,shiller
1925-03,10.390000,17.300000,3.830000,9.518538,shiller
1925-04,10.280000,17.200000,3.815000,9.476567,shiller
1925-05,10.610000,17.300000,3.800000,9.729008,shiller
1925-06,10.800000,17.500000,3.785000,9.796386,shiller
1925-07,11.100000,17.700000,3.770000,9.963994,shiller
1925-08,11.250000,17.700000,3.755000,10.110918,shiller
1925-09,11.510000,17.700000,3.740000,10.359248,shiller
1925-10,11.890000,17.700000,3.725000,10.718496,shiller
1925-11,12.260000,18.000000,3.710000,10.886317,shiller
1925-12,12.460000,17.900000,3.695000,11.147365,shiller
1926-01,12.650000,17.900000,3.680000,11.340966,shiller
1926-02,12.670000,17.900000,3.651667,11.389436,shiller
1926-03,11.810000,17.800000,3.623333,10.712352,shiller
1926-04,11.480000,17.900000,3.595000,10.395588,shiller
1926-05,11.560000,17.800000,3.566667,10.575158,shiller
1926-06,12.110000,17.700000,3.538333,11.197980,shiller
1926-07,12.620000,17.500000,3.510000,11.869694,shiller
1926-08,13.120000,17.400000,3.481667,12.488808,shiller
1926-09,13.320000,17.500000,3.453333,12.692615,shiller
1926-10,13.020000,17.600000,3.425000,12.426518,shiller
1926-11,13.190000,17.700000,3.396667,12.615251,shiller
1926-12,13.490000,17.700000,3.368333,13.009053,shiller
1927-01,13.400000,17.500000,3.340000,13.185931,shiller
1927-02,13.660000,17.400000,3.339167,13.633966,shiller
1927-03,13.870000,17.300000,3.338333,14.033258,shiller
1927-04,14.210000,17.300000,3.337500,14.488222,shiller
1927-05,14.700000,17.400000,3.336667,15.002347,shiller
1927-06,14.890000,17.600000,3.335833,15.120333,shiller
1927-07,15.220000,17.300000,3.335000,15.820803,shiller
1927-08,16.030000,17.200000,3.334167,16.862862,shiller
1927-09,16.940000,17.300000,3.333333,17.818724,shiller
1927-10,16.680000,17.400000,3.332500,17.537238,shiller
1927-11,17.060000,17.300000,3.331667,18.131301,shiller
1927-12,17.460000,17.300000,3.330833,18.646624,shiller
1928-01,17.530000,17.300000,3.330000,18.806129,shiller
1928-02,17.320000,17.100000,3.352500,18.868851,shiller
1928-03,18.250000,17.100000,3.375000,19.943418,shiller
1928-04,19.400000,17.100000,3.397500,21.257909,shiller
1928-05,20.000000,17.200000,3.420000,21.832732,shiller
1928-06,19.020000,17.100000,3.442500,20.913422,shiller
1928-07,19.160000,17.100000,3.465000,21.081905,shiller
1928-08,19.780000,17.100000,3.487500,21.762132,shiller
1928-09,21.170000,17.300000,3.510000,23.004649,shiller
1928-10,21.600000,17.200000,3.532500,23.578344,shiller
1928-11,23.060000,17.200000,3.555000,25.121985,shiller
1928-12,23.150000,17.100000,3.577500,25.301591,shiller
1929-01,24.860000,17.100000,3.600000,27.083200,shiller
1929-02,24.990000,17.100000,3.574167,27.131673,shiller
1929-03,25.430000,17.000000,3.548333,27.675748,shiller
1929-04,25.280000,16.900000,3.522500,27.568454,shiller
1929-05,25.660000,17.000000,3.496667,27.698587,shiller
1929-06,26.150000,17.100000,3.470833,27.935468,shiller
1929-07,28.480000,17.300000,3.445000,29.933289,shiller
1929-08,30.100000,17.300000,3.419167,31.480313,shiller
1929-09,31.300000,17.300000,3.393333,32.563789,shiller
1929-10,27.990000,17.300000,3.367500,28.961067,shiller
1929-11,20.580000,17.300000,3.341667,21.171036,shiller
1929-12,21.400000,17.200000,3.315833,22.007373,shiller
1930-01,21.710000,17.100000,3.290000,22.310724,shiller
1930-02,23.070000,17.000000,3.294167,23.697118,shiller
1930-03,23.940000,16.900000,3.298333,24.586608,shiller
1930-04,25.460000,17.000000,3.302500,25.843437,shiller
1930-05,23.940000,16.900000,3.306667,24.309761,shiller
1930-06,21.520000,16.800000,3.310833,21.866899,shiller
1930-07,21.060000,16.600000,3.315000,21.548798,shiller
1930-08,20.790000,16.500000,3.319167,21.300602,shiller
1930-09,20.780000,16.600000,3.323333,21.072582,shiller
1930-10,17.920000,16.500000,3.327500,18.214870,shiller
1930-11,16.620000,16.400000,3.331667,16.939711,shiller
1930-12,15.510000,16.100000,3.335833,16.055002,shiller
1931-01,15.980000,15.900000,3.340000,16.705479,shiller
1931-02,17.200000,15.700000,3.368333,18.161492,shiller
1931-03,17.530000,15.600000,3.396667,18.579561,shiller
1931-04,15.860000,15.500000,3.425000,16.872315,shiller
1931-05,14.330000,15.300000,3.453333,15.401540,shiller
1931-06,13.870000,15.100000,3.481667,15.062476,shiller
1931-07,14.330000,15.100000,3.510000,15.516750,shiller
1931-08,13.900000,15.100000,3.538333,15.006277,shiller
1931-09,11.830000,15.000000,3.566667,12.817745,shiller
1931-10,10.250000,14.900000,3.595000,11.145926,shiller
1931-11,10.390000,14.700000,3.623333,11.415600,shiller
1931-12,8.440000,14.600000,3.651667,9.306033,shiller
1932-01,8.300000,14.300000,3.680000,9.312406,shiller
1932-02,8.230000,14.100000,3.649167,9.336932,shiller
1932-03,8.260000,14.000000,3.618333,9.413065,shiller
1932-04,6.280000,13.900000,3.587500,7.192233,shiller
1932-05,5.510000,13.700000,3.556667,6.390857,shiller
1932-06,4.770000,13.600000,3.525833,5.565059,shiller
1932-07,5.010000,13.600000,3.495000,5.838764,shiller
1932-08,7.530000,13.500000,3.464167,8.834653,shiller
1932-09,8.260000,13.400000,3.433333,9.761169,shiller
1932-10,7.120000,13.300000,3.402500,8.478607,shiller
1932-11,7.050000,13.200000,3.371667,8.463310,shiller
1932-12,6.820000,13.100000,3.340833,8.257074,shiller
1933-01,7.090000,12.900000,3.310000,8.728046,shiller
1933-02,6.250000,12.700000,3.294167,7.826052,shiller
1933-03,6.230000,12.600000,3.278333,7.874681,shiller
1933-04,6.890000,12.600000,3.262500,8.723102,shiller
1933-05,8.870000,12.600000,3.246667,11.249651,shiller
1933-06,10.390000,12.700000,3.230833,13.098876,shiller
1933-07,11.230000,13.100000,3.215000,13.754304,shiller
1933-08,10.670000,13.200000,3.199167,12.999527,shiller
1933-09,10.580000,13.200000,3.183333,12.922921,shiller
1933-10,9.550000,13.200000,3.167500,11.696254,shiller
1933-11,9.780000,13.200000,3.151667,12.011766,shiller
1933-12,9.970000,13.200000,3.135833,12.281802,shiller
1934-01,10.540000,13.200000,3.120000,13.025120,shiller
1934-02,11.320000,13.300000,3.092500,13.926923,shiller
1934-03,10.740000,13.300000,3.065000,13.254538,shiller
1934-04,10.920000,13.300000,3.037500,13.518389,shiller
1934-05,9.810000,13.300000,3.010000,12.181583,shiller
1934-06,9.940000,13.400000,2.982500,12.287726,shiller
1934-07,9.470000,13.400000,2.955000,11.741524,shiller
1934-08,9.100000,13.400000,2.927500,11.315026,shiller
1934-09,8.880000,13.600000,2.900000,10.909954,shiller
1934-10,8.950000,13.500000,2.872500,11.108353,shiller
1934-11,9.200000,13.500000,2.845000,11.448809,shiller
1934-12,9.260000,13.400000,2.817500,11.639338,shiller
1935-01,9.260000,13.600000,2.790000,11.495908,shiller
1935-02,8.980000,13.700000,2.778333,11.087812,shiller
1935-03,8.410000,13.700000,2.766667,10.398272,shiller
1935-04,9.040000,13.800000,2.755000,11.104210,shiller
1935-05,9.750000,13.800000,2.743333,11.985577,shiller
1935-06,10.120000,13.700000,2.731667,12.539519,shiller
1935-07,10.650000,13.700000,2.720000,13.202138,shiller
1935-08,11.370000,13.700000,2.708333,14.105057,shiller
1935-09,11.610000,13.700000,2.696667,14.418892,shiller
1935-10,11.920000,13.700000,2.685000,14.826233,shiller
1935-11,13.040000,13.800000,2.673333,16.129605,shiller
1935-12,13.040000,13.800000,2.661667,16.159193,shiller
1936-01,13.760000,13.800000,2.650000,17.087360,shiller
1936-02,14.550000,13.800000,2.652500,18.104536,shiller
1936-03,14.860000,13.700000,2.655000,18.660478,shiller
1936-04,14.880000,13.700000,2.657500,18.719000,shiller
1936-05,14.090000,13.700000,2.660000,17.750193,shiller
1936-06,14.690000,13.800000,2.662500,18.393001,shiller
1936-07,15.560000,13.900000,2.665000,19.360465,shiller
1936-08,15.870000,14.000000,2.667500,19.623060,shiller
1936-09,16.050000,14.000000,2.670000,19.862024,shiller
1936-10,16.890000,14.000000,2.672500,20.913092,shiller
1936-11,17.360000,14.000000,2.675000,21.499765,shiller
1936-12,17.060000,14.000000,2.677500,21.125664,shiller
1937-01,17.590000,14.100000,2.680000,21.618742,shiller
1937-02,18.110000,14.100000,2.670000,22.244222,shiller
1937-03,18.090000,14.200000,2.660000,22.042197,shiller
1937-04,17.010000,14.300000,2.650000,20.556579,shiller
1937-05,16.250000,14.400000,2.640000,19.474175,shiller
1937-06,15.640000,14.400000,2.630000,18.711660,shiller
1937-07,16.570000,14.500000,2.620000,19.646723,shiller
1937-08,16.740000,14.500000,2.610000,19.806983,shiller
1937-09,14.370000,14.600000,2.600000,16.847883,shiller
1937-10,12.280000,14.600000,2.590000,14.361660,shiller
1937-11,11.200000,14.500000,2.580000,13.158119,shiller
1937-12,11.020000,14.400000,2.570000,13.008483,shiller
1938-01,11.310000,14.200000,2.560000,13.511462,shiller
1938-02,11.040000,14.100000,2.543333,13.263076,shiller
1938-03,10.310000,14.100000,2.526667,12.377286,shiller
1938-04,9.890000,14.200000,2.510000,11.789518,shiller
1938-05,9.980000,14.100000,2.493333,11.992276,shiller
1938-06,10.210000,14.100000,2.476667,12.288966,shiller
1938-07,12.240000,14.100000,2.460000,14.770328,shiller
1938-08,12.310000,14.100000,2.443333,14.903589,shiller
1938-09,11.750000,14.100000,2.426667,14.282331,shiller
1938-10,13.060000,14.000000,2.410000,16.061148,shiller
1938-11,13.070000,14.000000,2.393333,16.149572,shiller
1938-12,12.690000,14.000000,2.376667,15.756484,shiller
1939-01,12.500000,14.000000,2.360000,15.599634,shiller
1939-02,12.400000,13.900000,2.347500,15.664697,shiller
1939-03,12.390000,13.900000,2.335000,15.729224,shiller
1939-04,10.830000,13.800000,2.322500,13.916995,shiller
1939-05,11.230000,13.800000,2.310000,14.502929,shiller
1939-06,11.430000,13.800000,2.297500,14.833829,shiller
1939-07,11.710000,13.800000,2.285000,15.270953,shiller
1939-08,11.540000,13.800000,2.272500,15.120082,shiller
1939-09,12.770000,14.100000,2.260000,16.452836,shiller
1939-10,12.900000,14.000000,2.247500,16.821205,shiller
1939-11,12.670000,14.000000,2.235000,16.599239,shiller
1939-12,12.370000,14.000000,2.222500,16.280413,shiller
1940-01,12.300000,13.900000,2.210000,16.378480,shiller
1940-02,12.220000,14.000000,2.188333,16.216120,shiller
1940-03,12.150000,14.000000,2.166667,16.172906,shiller
1940-04,12.270000,14.000000,2.145000,16.370989,shiller
1940-05,10.580000,14.000000,2.123333,14.138748,shiller
1940-06,9.670000,14.100000,2.101667,12.843766,shiller
1940-07,9.990000,14.000000,2.080000,13.369885,shiller
1940-08,10.200000,14.000000,2.058333,13.649399,shiller
1940-09,10.630000,14.000000,2.036667,14.214843,shiller
1940-10,10.730000,14.000000,2.015000,14.328290,shiller
1940-11,10.980000,14.000000,1.993333,14.636689,shiller
1940-12,10.530000,14.100000,1.971667,13.908426,shiller
1941-01,10.550000,14.100000,1.950000,13.904158,shiller
1941-02,9.890000,14.100000,1.992500,13.002943,shiller
1941-03,9.950000,14.200000,2.035000,12.955720,shiller
1941-04,9.640000,14.300000,2.077500,12.429370,shiller
1941-05,9.430000,14.400000,2.120000,12.037207,shiller
1941-06,9.760000,14.700000,2.162500,12.164307,shiller
1941-07,10.260000,14.700000,2.205000,12.744996,shiller
1941-08,10.210000,14.900000,2.247500,12.463174,shiller
1941-09,10.240000,15.100000,2.290000,12.279729,shiller
1941-10,9.830000,15.300000,2.332500,11.577815,shiller
1941-11,9.370000,15.400000,2.375000,10.911669,shiller
1941-12,8.760000,15.500000,2.417500,10.086593,shiller
1942-01,8.930000,15.700000,2.460000,10.101686,shiller
1942-02,8.650000,15.800000,2.460833,9.680256,shiller
1942-03,8.180000,16.000000,2.461667,9.003427,shiller
1942-04,7.840000,16.100000,2.462500,8.544256,shiller
1942-05,7.930000,16.300000,2.463333,8.506116,shiller
1942-06,8.330000,16.300000,2.464167,8.905457,shiller
1942-07,8.640000,16.400000,2.465000,9.150489,shiller
1942-08,8.590000,16.500000,2.465833,9.012823,shiller
1942-09,8.680000,16.500000,2.466667,9.077830,shiller
1942-10,9.320000,16.700000,2.467500,9.599177,shiller
1942-11,9.470000,16.800000,2.468333,9.661334,shiller
1942-12,9.520000,16.900000,2.469167,9.617514,shiller
1943-01,10.090000,16.900000,2.470000,10.150534,shiller
1943-02,10.690000,16.900000,2.470833,10.708983,shiller
1943-03,11.070000,17.200000,2.471667,10.850542,shiller
1943-04,11.440000,17.400000,2.472500,11.039227,shiller
1943-05,11.890000,17.500000,2.473333,11.362216,shiller
1943-06,12.100000,17.500000,2.474167,11.516745,shiller
1943-07,12.350000,17.400000,2.475000,11.774213,shiller
1943-08,11.740000,17.300000,2.475833,11.210546,shiller
1943-09,11.990000,17.400000,2.476667,11.336282,shiller
1943-10,11.880000,17.400000,2.477500,11.187336,shiller
1943-11,11.330000,17.400000,2.478333,10.631034,shiller
1943-12,11.480000,17.400000,2.479167,10.737360,shiller
1944-01,11.850000,17.400000,2.480000,11.052413,shiller
1944-02,11.770000,17.400000,2.470833,10.947919,shiller
1944-03,12.100000,17.400000,2.461667,11.224693,shiller
1944-04,11.890000,17.500000,2.452500,10.938275,shiller
1944-05,12.100000,17.500000,2.443333,11.103737,shiller
1944-06,12.670000,17.600000,2.434167,11.532785,shiller
1944-07,13.000000,17.700000,2.425000,11.738775,shiller
1944-08,12.810000,17.700000,2.415833,11.541712,shiller
1944-09,12.600000,17.700000,2.406667,11.328561,shiller
1944-10,12.910000,17.700000,2.397500,11.583105,shiller
1944-11,12.820000,17.700000,2.388333,11.478459,shiller
1944-12,13.100000,17.800000,2.379167,11.638684,shiller
1945-01,13.490000,17.800000,2.370000,11.960463,shiller
1945-02,13.940000,17.800000,2.355000,12.341754,shiller
1945-03,13.930000,17.800000,2.340000,12.323310,shiller
1945-04,14.280000,17.800000,2.325000,12.631867,shiller
1945-05,14.820000,17.900000,2.310000,13.036561,shiller
1945-06,15.090000,18.100000,2.295000,13.130223,shiller
1945-07,14.780000,18.100000,2.280000,12.867028,shiller
1945-08,14.830000,18.100000,2.265000,12.915379,shiller
1945-09,15.840000,18.100000,2.250000,13.798265,shiller
1945-10,16.500000,18.100000,2.235000,14.374663,shiller
1945-11,17.040000,18.100000,2.220000,14.847703,shiller
1945-12,17.330000,18.200000,2.205000,15.020347,shiller
1946-01,18.020000,18.200000,2.190000,15.623163,shiller
1946-02,18.070000,18.100000,2.195000,15.761667,shiller
1946-03,17.530000,18.300000,2.200000,15.134873,shiller
1946-04,18.660000,18.400000,2.205000,16.040842,shiller
1946-05,18.700000,18.500000,2.210000,16.013723,shiller
1946-06,18.580000,18.700000,2.215000,15.773187,shiller
1946-07,18.050000,19.800000,2.220000,14.508136,shiller
1946-08,17.700000,20.200000,2.225000,13.984939,shiller
1946-09,15.090000,20.400000,2.230000,11.841268,shiller
1946-10,14.750000,20.800000,2.235000,11.387603,shiller
1946-11,14.690000,21.300000,2.240000,11.110044,shiller
1946-12,15.130000,21.500000,2.245000,11.372779,shiller
1947-01,15.210000,21.500000,2.250000,11.469296,shiller
1947-02,15.800000,21.500000,2.265833,11.949565,shiller
1947-03,15.160000,21.900000,2.281667,11.287903,shiller
1947-04,14.600000,21.900000,2.297500,10.900825,shiller
1947-05,14.340000,21.900000,2.313333,10.733674,shiller
1947-06,14.840000,22.000000,2.329167,11.082716,shiller
1947-07,15.770000,22.200000,2.345000,11.696447,shiller
1947-08,15.460000,22.500000,2.360833,11.337472,shiller
1947-09,15.060000,23.000000,2.376667,10.827463,shiller
1947-10,15.450000,23.000000,2.392500,11.132662,shiller
1947-11,15.270000,23.100000,2.408333,10.975407,shiller
1947-12,15.030000,23.400000,2.424167,10.680913,shiller
1948-01,14.830000,23.700000,2.440000,10.419343,shiller
1948-02,14.100000,23.500000,2.429167,9.999761,shiller
1948-03,14.300000,23.400000,2.418333,10.186681,shiller
1948-04,15.400000,23.800000,2.407500,10.779484,shiller
1948-05,16.150000,23.900000,2.396667,11.241033,shiller
1948-06,16.820000,24.100000,2.385833,11.583896,shiller
1948-07,16.420000,24.400000,2.375000,11.134622,shiller
1948-08,15.940000,24.500000,2.364167,10.723557,shiller
1948-09,15.760000,24.500000,2.353333,10.553014,shiller
1948-10,16.190000,24.400000,2.342500,10.825410,shiller
1948-11,15.290000,24.200000,2.331667,10.248096,shiller
1948-12,15.190000,24.100000,2.320833,10.159653,shiller
1949-01,15.360000,24.000000,2.310000,10.248286,shiller
1949-02,14.770000,23.800000,2.310833,9.872517,shiller
1949-03,14.910000,23.800000,2.311667,9.901332,shiller
1949-04,14.890000,23.900000,2.312500,9.783640,shiller
1949-05,14.780000,23.800000,2.313333,9.692295,shiller
1949-06,13.970000,23.900000,2.314167,9.067719,shiller
1949-07,14.760000,23.700000,2.315000,9.605038,shiller
1949-08,15.290000,23.800000,2.315833,9.851349,shiller
1949-09,15.490000,23.900000,2.316667,9.884048,shiller
1949-10,15.890000,23.700000,2.317500,10.169851,shiller
1949-11,16.110000,23.800000,2.318333,10.215861,shiller
1949-12,16.540000,23.600000,2.319167,10.529331,shiller
1950-01,16.880000,23.500000,2.320000,10.745733,shiller
1950-02,17.210000,23.500000,2.340833,10.911564,shiller
1950-03,17.350000,23.600000,2.361667,10.910947,shiller
1950-04,17.840000,23.600000,2.382500,11.178022,shiller
1950-05,18.440000,23.700000,2.403333,11.461543,shiller
1950-06,18.740000,23.800000,2.424167,11.554126,shiller
1950-07,17.380000,24.100000,2.445000,10.539746,shiller
1950-08,18.430000,24.300000,2.465833,11.040612,shiller
1950-09,19.080000,24.400000,2.486667,11.337391,shiller
1950-10,19.870000,24.600000,2.507500,11.662444,shiller
1950-11,19.830000,24.700000,2.528333,11.542173,shiller
1950-12,19.750000,25.000000,2.549167,11.306666,shiller
1951-01,21.210000,25.400000,2.570000,11.895760,shiller
1951-02,22.000000,25.700000,2.579167,12.141507,shiller
1951-03,21.630000,25.800000,2.588333,11.841626,shiller
1951-04,21.920000,25.800000,2.597500,11.951097,shiller
1951-05,21.930000,25.900000,2.606667,11.863875,shiller
1951-06,21.550000,25.900000,2.615833,11.615665,shiller
1951-07,21.930000,25.900000,2.625000,11.778190,shiller
1951-08,22.890000,25.900000,2.634167,12.256989,shiller
1951-09,23.480000,26.100000,2.643333,12.444953,shiller
1951-10,23.360000,26.200000,2.652500,12.309458,shiller
1951-11,22.710000,26.400000,2.661667,11.852031,shiller
1951-12,23.410000,26.500000,2.670833,12.147073,shiller
1952-01,24.190000,26.500000,2.680000,12.527060,shiller
1952-02,23.750000,26.300000,2.692500,12.364119,shiller
1952-03,23.810000,26.300000,2.705000,12.362339,shiller
1952-04,23.740000,26.400000,2.717500,12.242729,shiller
1952-05,23.730000,26.400000,2.730000,12.200479,shiller
1952-06,24.380000,26.500000,2.742500,12.447882,shiller
1952-07,25.080000,26.700000,2.755000,12.669113,shiller
1952-08,25.180000,26.700000,2.767500,12.678378,shiller
1952-09,24.780000,26.700000,2.780000,12.434678,shiller
1952-10,24.260000,26.700000,2.792500,12.131184,shiller
1952-11,25.030000,26.700000,2.805000,12.473470,shiller
1952-12,26.040000,26.700000,2.817500,12.933964,shiller
1953-01,26.180000,26.600000,2.830000,13.010773,shiller
1953-02,25.860000,26.500000,2.800833,12.859347,shiller
1953-03,25.990000,26.600000,2.771667,12.834819,shiller
1953-04,24.710000,26.600000,2.830000,12.163901,shiller
1953-05,24.840000,26.700000,3.050000,12.141971,shiller
1953-06,23.950000,26.800000,3.110000,11.624408,shiller
1953-07,24.290000,26.800000,2.930000,11.750202,shiller
1953-08,24.390000,26.900000,2.950000,11.715076,shiller
1953-09,23.270000,26.900000,2.870000,11.139349,shiller
1953-10,23.970000,27.000000,2.660000,11.391935,shiller
1953-11,24.500000,26.900000,2.680000,11.644070,shiller
1953-12,24.830000,26.900000,2.590000,11.754449,shiller
1954-01,25.460000,26.900000,2.480000,12.002651,shiller
1954-02,26.020000,26.900000,2.470000,12.215052,shiller
1954-03,26.570000,26.900000,2.370000,12.420105,shiller
1954-04,27.630000,26.800000,2.290000,12.907868,shiller
1954-05,28.730000,26.900000,2.370000,13.312042,shiller
1954-06,28.960000,26.900000,2.380000,13.357886,shiller
1954-07,30.130000,26.900000,2.300000,13.833010,shiller
1954-08,30.730000,26.900000,2.360000,14.042112,shiller
1954-09,31.450000,26.800000,2.380000,14.356474,shiller
1954-10,32.180000,26.800000,2.430000,14.619232,shiller
1954-11,33.440000,26.800000,2.480000,15.117312,shiller
1954-12,34.970000,26.700000,2.510000,15.789062,shiller
1955-01,35.600000,26.700000,2.610000,15.990781,shiller
1955-02,36.790000,26.700000,2.650000,16.437728,shiller
1955-03,36.500000,26.700000,2.680000,16.219283,shiller
1955-04,37.760000,26.700000,2.750000,16.685267,shiller
1955-05,37.600000,26.700000,2.760000,16.518058,shiller
1955-06,39.780000,26.700000,2.780000,17.370092,shiller
1955-07,42.690000,26.800000,2.900000,18.454032,shiller
1955-08,42.430000,26.800000,2.970000,18.222326,shiller
1955-09,44.340000,26.900000,2.970000,18.843961,shiller
1955-10,42.110000,26.900000,2.880000,17.772326,shiller
1955-11,44.950000,26.900000,2.890000,18.835559,shiller
1955-12,45.370000,26.800000,2.960000,18.942369,shiller
1956-01,44.150000,26.800000,2.900000,18.292585,shiller
1956-02,44.430000,26.800000,2.840000,18.266117,shiller
1956-03,47.490000,26.800000,2.960000,19.371210,shiller
1956-04,48.050000,26.900000,3.180000,19.370594,shiller
1956-05,46.540000,27.000000,3.070000,18.544507,shiller
1956-06,46.270000,27.200000,3.000000,18.158164,shiller
1956-07,48.780000,27.400000,3.110000,18.856798,shiller
1956-08,48.490000,27.300000,3.330000,18.670937,shiller
1956-09,46.840000,27.400000,3.380000,17.836641,shiller
1956-10,46.240000,27.500000,3.340000,17.418953,shiller
1956-11,45.760000,27.500000,3.490000,17.120340,shiller
1956-12,46.440000,27.600000,3.590000,17.197523,shiller
1957-01,45.430000,27.600000,3.460000,16.717780,shiller
1957-02,43.470000,27.700000,3.340000,15.843733,shiller
1957-03,44.030000,27.800000,3.410000,15.900417,shiller
1957-04,45.050000,27.900000,3.480000,16.123704,shiller
1957-05,46.780000,28.000000,3.600000,16.598111,shiller
1957-06,47.550000,28.100000,3.800000,16.729919,shiller
1957-07,48.510000,28.300000,3.930000,16.868882,shiller
1957-08,45.840000,28.300000,3.930000,15.868943,shiller
1957-09,43.980000,28.300000,3.920000,15.157274,shiller
1957-10,41.240000,28.300000,3.970000,14.149451,shiller
1957-11,40.350000,28.400000,3.720000,13.736242,shiller
1957-12,40.330000,28.400000,3.210000,13.673246,shiller
1958-01,41.120000,28.600000,3.090000,13.788432,shiller
1958-02,41.260000,28.600000,3.050000,13.784906,shiller
1958-03,42.110000,28.800000,2.980000,13.925590,shiller
1958-04,42.340000,28.900000,2.880000,13.913502,shiller
1958-05,43.700000,28.900000,2.920000,14.323825,shiller
1958-06,44.750000,28.900000,2.970000,14.635556,shiller
1958-07,45.980000,29.000000,3.200000,14.957457,shiller
1958-08,47.700000,28.900000,3.540000,15.544567,shiller
1958-09,48.960000,28.900000,3.760000,15.931923,shiller
1958-10,50.950000,28.900000,3.800000,16.559803,shiller
1958-11,52.500000,29.000000,3.740000,16.988884,shiller
1958-12,53.490000,28.900000,3.860000,17.358357,shiller
1959-01,55.620000,29.000000,4.020000,17.980339,shiller
1959-02,54.770000,28.900000,3.960000,17.759169,shiller
1959-03,56.160000,28.900000,3.990000,18.200872,shiller
1959-04,57.100000,29.000000,4.120000,18.430753,shiller
1959-05,57.960000,29.000000,4.310000,18.692721,shiller
1959-06,57.460000,29.100000,4.340000,18.448591,shiller
1959-07,59.740000,29.200000,4.400000,19.090534,shiller
1959-08,59.400000,29.200000,4.430000,18.958804,shiller
1959-09,57.050000,29.300000,4.680000,18.123291,shiller
1959-10,57.000000,29.400000,4.530000,18.021962,shiller
1959-11,57.230000,29.400000,4.530000,18.071789,shiller
1959-12,59.060000,29.400000,4.690000,18.624729,shiller
1960-01,58.030000,29.300000,4.720000,18.338285,shiller
1960-02,55.780000,29.400000,4.490000,17.545275,shiller
1960-03,55.020000,29.400000,4.250000,17.286021,shiller
1960-04,55.730000,29.500000,4.280000,17.429767,shiller
1960-05,55.220000,29.500000,4.350000,17.256171,shiller
1960-06,57.260000,29.600000,4.150000,17.823364,shiller
1960-07,55.840000,29.600000,3.900000,17.376806,shiller
1960-08,56.510000,29.600000,3.800000,17.582113,shiller
1960-09,54.810000,29.600000,3.800000,17.052015,shiller
1960-10,53.730000,29.800000,3.890000,16.605105,shiller
1960-11,55.470000,29.800000,3.930000,17.146088,shiller
1960-12,56.800000,29.800000,3.840000,17.562091,shiller
1961-01,59.720000,29.800000,3.840000,18.470417,shiller
1961-02,62.170000,29.800000,3.780000,19.234014,shiller
1961-03,64.120000,29.800000,3.740000,19.844225,shiller
1961-04,65.830000,29.800000,3.780000,20.382843,shiller
1961-05,66.500000,29.800000,3.710000,20.598607,shiller
1961-06,65.620000,29.800000,3.880000,20.332415,shiller
1961-07,65.440000,30.000000,3.920000,20.146644,shiller
1961-08,67.790000,29.900000,4.040000,20.941688,shiller
1961-09,67.260000,30.000000,3.980000,20.705243,shiller
1961-10,68.000000,30.000000,3.920000,20.924190,shiller
1961-11,71.080000,30.000000,3.940000,21.857958,shiller
1961-12,71.740000,30.000000,4.060000,22.041480,shiller
1962-01,69.070000,30.000000,4.080000,21.197931,shiller
1962-02,70.220000,30.100000,4.040000,21.451688,shiller
1962-03,70.290000,30.100000,3.930000,21.443159,shiller
1962-04,68.050000,30.200000,3.840000,20.658336,shiller
1962-05,62.990000,30.200000,3.870000,19.089367,shiller
1962-06,55.630000,30.200000,3.910000,16.827571,shiller
1962-07,56.970000,30.300000,4.010000,17.141326,shiller
1962-08,58.520000,30.300000,3.980000,17.571263,shiller
1962-09,58.000000,30.400000,3.980000,17.321461,shiller
1962-10,56.170000,30.400000,3.930000,16.739821,shiller
1962-11,60.040000,30.400000,3.920000,17.854386,shiller
1962-12,62.640000,30.400000,3.860000,18.585836,shiller
1963-01,65.060000,30.400000,3.830000,19.259232,shiller
1963-02,65.920000,30.400000,3.920000,19.469191,shiller
1963-03,65.670000,30.500000,3.930000,19.288065,shiller
1963-04,68.760000,30.500000,3.970000,20.150077,shiller
1963-05,70.140000,30.500000,3.930000,20.507586,shiller
1963-06,70.110000,30.600000,3.990000,20.384150,shiller
1963-07,69.070000,30.700000,4.020000,19.969232,shiller
1963-08,70.980000,30.700000,4.000000,20.472638,shiller
1963-09,72.850000,30.700000,4.080000,20.960360,shiller
1963-10,73.030000,30.800000,4.110000,20.891345,shiller
1963-11,72.620000,30.800000,4.120000,20.720399,shiller
1963-12,74.170000,30.900000,4.130000,21.038599,shiller
1964-01,76.450000,30.900000,4.170000,21.627216,shiller
1964-02,77.390000,30.900000,4.150000,21.832671,shiller
1964-03,78.800000,30.900000,4.220000,22.167246,shiller
1964-04,79.940000,30.900000,4.230000,22.422192,shiller
1964-05,80.720000,30.900000,4.200000,22.574331,shiller
1964-06,80.240000,31.000000,4.170000,22.300288,shiller
1964-07,83.220000,31.100000,4.190000,22.984352,shiller
1964-08,82.000000,31.000000,4.190000,22.650407,shiller
1964-09,83.410000,31.100000,4.200000,22.892222,shiller
1964-10,84.850000,31.100000,4.190000,23.212155,shiller
1964-11,85.440000,31.200000,4.150000,23.225020,shiller
1964-12,83.960000,31.200000,4.180000,22.752985,shiller
1965-01,86.120000,31.200000,4.190000,23.269335,shiller
1965-02,86.750000,31.200000,4.210000,23.372068,shiller
1965-03,86.830000,31.300000,4.210000,23.253528,shiller
1965-04,87.970000,31.400000,4.200000,23.420552,shiller
1965-05,89.280000,31.400000,4.210000,23.708808,shiller
1965-06,85.040000,31.600000,4.210000,22.385343,shiller
1965-07,84.910000,31.600000,4.200000,22.300782,shiller
1965-08,86.490000,31.600000,4.250000,22.665972,shiller
1965-09,89.380000,31.600000,4.290000,23.374147,shiller
1965-10,91.390000,31.700000,4.350000,23.775746,shiller
1965-11,92.150000,31.700000,4.450000,23.925461,shiller
1965-12,91.730000,31.800000,4.620000,23.694112,shiller
1966-01,93.320000,31.800000,4.610000,24.058483,shiller
1966-02,92.690000,32.000000,4.830000,23.700027,shiller
1966-03,88.880000,32.100000,4.870000,22.611113,shiller
1966-04,91.600000,32.300000,4.750000,23.113696,shiller
1966-05,86.780000,32.300000,4.780000,21.852178,shiller
1966-06,86.060000,32.400000,4.810000,21.555253,shiller
1966-07,85.840000,32.500000,5.020000,21.381702,shiller
1966-08,80.650000,32.700000,5.220000,19.913904,shiller
1966-09,77.810000,32.700000,5.180000,19.161676,shiller
1966-10,77.130000,32.900000,5.010000,18.825409,shiller
1966-11,80.990000,32.900000,5.160000,19.711251,shiller
1966-12,81.330000,32.900000,4.840000,19.736474,shiller
1967-01,84.450000,32.900000,4.580000,20.432242,shiller
1967-02,87.360000,32.900000,4.630000,21.074443,shiller
1967-03,89.420000,33.000000,4.540000,21.443899,shiller
1967-04,90.960000,33.100000,4.590000,21.686026,shiller
1967-05,92.590000,33.200000,4.850000,21.948477,shiller
1967-06,91.430000,33.300000,5.020000,21.552098,shiller
1967-07,93.010000,33.400000,5.160000,21.804196,shiller
1967-08,94.490000,33.500000,5.280000,22.030627,shiller
1967-09,95.810000,33.600000,5.300000,22.219145,shiller
1967-10,95.660000,33.700000,5.480000,22.068199,shiller
1967-11,92.660000,33.800000,5.750000,21.263103,shiller
1967-12,95.300000,33.900000,5.700000,21.751598,shiller
1968-01,95.040000,34.100000,5.530000,21.511536,shiller
1968-02,90.750000,34.200000,5.560000,20.424992,shiller
1968-03,89.090000,34.300000,5.740000,19.934711,shiller
1968-04,95.670000,34.400000,5.640000,21.277356,shiller
1968-05,97.870000,34.500000,5.870000,21.630227,shiller
1968-06,100.500000,34.700000,5.720000,22.004623,shiller
1968-07,100.300000,34.900000,5.500000,21.753537,shiller
1968-08,98.110000,35.000000,5.420000,21.137767,shiller
1968-09,101.300000,35.100000,5.460000,21.680276,shiller
1968-10,103.800000,35.300000,5.580000,22.004607,shiller
1968-11,105.400000,35.400000,5.700000,22.195529,shiller
1968-12,106.500000,35.500000,6.030000,22.277873,shiller
1969-01,102.000000,35.600000,6.040000,21.194968,shiller
1969-02,101.500000,35.800000,6.190000,20.895730,shiller
1969-03,99.300000,36.100000,6.300000,20.202288,shiller
1969-04,101.300000,36.300000,6.170000,20.428608,shiller
1969-05,104.600000,36.400000,6.320000,20.972258,shiller
1969-06,99.140000,36.600000,6.570000,19.713342,shiller
1969-07,94.710000,36.800000,6.720000,18.681708,shiller
1969-08,94.180000,37.000000,6.690000,18.429516,shiller
1969-09,94.510000,37.100000,7.160000,18.398046,shiller
1969-10,95.520000,37.300000,7.100000,18.448662,shiller
1969-11,96.210000,37.500000,7.140000,18.437760,shiller
1969-12,91.110000,37.700000,7.650000,17.326930,shiller
1970-01,90.310000,37.800000,7.790000,17.090541,shiller
1970-02,87.160000,38.000000,7.240000,16.372587,shiller
1970-03,88.650000,38.200000,7.070000,16.531691,shiller
1970-04,85.950000,38.500000,7.390000,15.873068,shiller
1970-05,76.060000,38.600000,7.910000,13.983836,shiller
1970-06,75.590000,38.800000,7.840000,13.799692,shiller
1970-07,75.720000,39.000000,7.460000,13.726500,shiller
1970-08,77.920000,39.000000,7.530000,14.100457,shiller
1970-09,82.580000,39.200000,7.390000,14.842661,shiller
1970-10,84.370000,39.400000,7.330000,15.064185,shiller
1970-11,84.280000,39.600000,6.840000,14.950762,shiller
1970-12,90.050000,39.800000,6.390000,15.873841,shiller
1971-01,93.490000,39.800000,6.240000,16.461794,shiller
1971-02,97.110000,39.900000,6.110000,17.034535,shiller
1971-03,99.600000,40.000000,5.700000,17.402903,shiller
1971-04,103.000000,40.100000,5.830000,17.924110,shiller
1971-05,101.600000,40.300000,6.390000,17.564153,shiller
1971-06,99.720000,40.600000,6.520000,17.083167,shiller
1971-07,99.000000,40.700000,6.730000,16.889415,shiller
1971-08,97.240000,40.800000,6.580000,16.519449,shiller
1971-09,99.400000,40.800000,6.140000,16.856793,shiller
1971-10,97.290000,40.900000,5.930000,16.428863,shiller
1971-11,92.780000,40.900000,5.810000,15.638713,shiller
1971-12,99.170000,41.100000,5.930000,16.603557,shiller
1972-01,103.300000,41.100000,5.950000,17.262997,shiller
1972-02,105.200000,41.300000,6.080000,17.464148,shiller
1972-03,107.700000,41.400000,6.070000,17.805644,shiller
1972-04,108.800000,41.500000,6.190000,17.915162,shiller
1972-05,107.700000,41.600000,6.130000,17.662646,shiller
1972-06,108.000000,41.700000,6.110000,17.640857,shiller
1972-07,107.200000,41.900000,6.110000,17.398690,shiller
1972-08,111.000000,42.000000,6.210000,17.943405,shiller
1972-09,109.400000,42.100000,6.550000,17.613855,shiller
1972-10,109.600000,42.300000,6.480000,17.533184,shiller
1972-11,115.100000,42.400000,6.280000,18.338895,shiller
1972-12,117.500000,42.500000,6.360000,18.645719,shiller
1973-01,118.400000,42.600000,6.460000,18.712530,shiller
1973-02,114.200000,42.900000,6.640000,17.889890,shiller
1973-03,112.400000,43.300000,6.710000,17.412142,shiller
1973-04,110.300000,43.600000,6.670000,16.935740,shiller
1973-05,107.200000,43.900000,6.850000,16.314339,shiller
1973-06,104.800000,44.200000,6.900000,15.808323,shiller
1973-07,105.800000,44.300000,7.130000,15.889519,shiller
1973-08,103.800000,45.100000,7.400000,15.278501,shiller
1973-09,105.600000,45.200000,7.090000,15.475309,shiller
1973-10,109.800000,45.600000,6.790000,15.913516,shiller
1973-11,102.000000,45.900000,6.730000,14.651845,shiller
1973-12,94.780000,46.200000,6.740000,13.493330,shiller
1974-01,96.110000,46.600000,6.990000,13.530722,shiller
1974-02,93.450000,47.200000,6.960000,12.957321,shiller
1974-03,97.440000,47.800000,7.210000,13.310364,shiller
1974-04,92.460000,48.000000,7.510000,12.550411,shiller
1974-05,89.670000,48.600000,7.580000,11.995437,shiller
1974-06,89.790000,49.000000,7.540000,11.888499,shiller
1974-07,79.310000,49.400000,7.810000,10.394142,shiller
1974-08,76.030000,50.000000,8.040000,9.824196,shiller
1974-09,68.120000,50.600000,8.040000,8.680421,shiller
1974-10,69.440000,51.100000,7.900000,8.744984,shiller
1974-11,71.740000,51.500000,7.680000,8.948985,shiller
1974-12,67.070000,51.900000,7.430000,8.289060,shiller
1975-01,72.560000,52.100000,7.500000,8.920996,shiller
1975-02,80.100000,52.500000,7.390000,9.762247,shiller
1975-03,83.780000,52.700000,7.730000,10.163797,shiller
1975-04,84.720000,52.900000,8.230000,10.233076,shiller
1975-05,90.100000,53.200000,8.060000,10.818139,shiller
1975-06,92.400000,53.600000,7.860000,11.011355,shiller
1975-07,92.490000,54.200000,8.060000,10.902767,shiller
1975-08,85.710000,54.300000,8.400000,10.089770,shiller
1975-09,84.670000,54.600000,8.430000,9.918905,shiller
1975-10,88.570000,54.900000,8.140000,10.327600,shiller
1975-11,90.070000,55.300000,8.050000,10.435859,shiller
1975-12,88.700000,55.500000,8.000000,10.250368,shiller
1976-01,96.860000,55.600000,7.740000,11.185051,shiller
1976-02,100.600000,55.800000,7.790000,11.586093,shiller
1976-03,101.100000,55.900000,7.730000,11.631754,shiller
1976-04,101.900000,56.100000,7.560000,11.689164,shiller
1976-05,101.200000,56.500000,7.900000,11.532054,shiller
1976-06,101.800000,56.800000,7.860000,11.543842,shiller
1976-07,104.200000,57.100000,7.830000,11.757490,shiller
1976-08,103.300000,57.400000,7.770000,11.597986,shiller
1976-09,105.500000,57.600000,7.590000,11.805991,shiller
1976-10,101.900000,57.900000,7.410000,11.345696,shiller
1976-11,101.200000,58.000000,7.290000,11.248856,shiller
1976-12,104.700000,58.200000,6.870000,11.597590,shiller
1977-01,103.800000,58.500000,7.210000,11.437961,shiller
1977-02,101.000000,59.100000,7.390000,11.014842,shiller
1977-03,100.600000,59.500000,7.460000,10.895747,shiller
1977-04,99.050000,60.000000,7.370000,10.636037,shiller
1977-05,98.760000,60.300000,7.460000,10.548487,shiller
1977-06,99.290000,60.700000,7.280000,10.530024,shiller
1977-07,100.200000,61.000000,7.330000,10.567692,shiller
1977-08,97.750000,61.200000,7.400000,10.268386,shiller
1977-09,96.230000,61.400000,7.340000,10.067743,shiller
1977-10,93.740000,61.600000,7.520000,9.766666,shiller
1977-11,94.280000,61.900000,7.580000,9.766300,shiller
1977-12,93.820000,62.100000,7.690000,9.678267,shiller
1978-01,90.250000,62.500000,7.960000,9.241462,shiller
1978-02,88.980000,62.900000,8.030000,9.045264,shiller
1978-03,88.820000,63.400000,8.040000,8.950420,shiller
1978-04,92.710000,63.900000,8.150000,9.262589,shiller
1978-05,97.410000,64.500000,8.350000,9.634911,shiller
1978-06,97.660000,65.200000,8.460000,9.549679,shiller
1978-07,97.190000,65.700000,8.640000,9.425524,shiller
1978-08,103.900000,66.000000,8.410000,10.023971,shiller
1978-09,103.900000,66.500000,8.420000,9.941887,shiller
1978-10,100.600000,67.100000,8.640000,9.533608,shiller
1978-11,94.710000,67.400000,8.810000,8.928419,shiller
1978-12,96.110000,67.700000,9.010000,9.011942,shiller
1979-01,99.710000,68.300000,9.100000,9.257637,shiller
1979-02,98.230000,69.100000,9.100000,9.003740,shiller
1979-03,100.100000,69.800000,9.120000,9.070785,shiller
1979-04,102.100000,70.600000,9.180000,9.133064,shiller
1979-05,99.730000,71.500000,9.250000,8.794383,shiller
1979-06,101.700000,72.300000,8.910000,8.853938,shiller
1979-07,102.700000,73.100000,8.950000,8.827498,shiller
1979-08,107.400000,73.800000,9.030000,9.127166,shiller
1979-09,108.600000,74.600000,9.330000,9.112759,shiller
1979-10,104.500000,75.200000,10.300000,8.681843,shiller
1979-11,103.700000,75.900000,10.650000,8.518784,shiller
1979-12,107.800000,76.700000,10.390000,8.745204,shiller
1980-01,110.900000,77.800000,10.800000,8.850934,shiller
1980-02,115.300000,78.900000,12.410000,9.054476,shiller
1980-03,104.700000,80.100000,12.750000,8.081151,shiller
1980-04,103.000000,81.000000,11.470000,7.844025,shiller
1980-05,107.700000,81.800000,10.180000,8.104226,shiller
1980-06,114.600000,82.700000,9.780000,8.512078,shiller
1980-07,119.800000,82.700000,10.250000,8.880866,shiller
1980-08,123.500000,83.300000,11.100000,9.071006,shiller
1980-09,126.500000,84.000000,11.510000,9.196040,shiller
1980-10,130.200000,84.800000,11.750000,9.357841,shiller
1980-11,135.700000,85.500000,12.680000,9.654044,shiller
1980-12,133.500000,86.300000,12.840000,9.389902,shiller
1981-01,133.000000,87.000000,12.570000,9.259405,shiller
1981-02,128.400000,87.900000,13.190000,8.829899,shiller
1981-03,133.200000,88.500000,13.120000,9.081097,shiller
1981-04,134.400000,89.100000,13.680000,9.085561,shiller
1981-05,131.700000,89.800000,14.100000,8.818483,shiller
1981-06,132.300000,90.600000,13.470000,8.765341,shiller
1981-07,129.100000,91.600000,14.280000,8.445319,shiller
1981-08,129.600000,92.300000,14.940000,8.399806,shiller
1981-09,118.300000,93.200000,15.320000,7.581163,shiller
1981-10,119.800000,93.400000,15.150000,7.649142,shiller
1981-11,122.900000,93.700000,13.390000,7.810753,shiller
1981-12,123.800000,94.000000,13.720000,7.832562,shiller
1982-01,117.300000,94.300000,14.590000,7.388660,shiller
1982-02,114.500000,94.600000,14.430000,7.181823,shiller
1982-03,110.800000,94.500000,13.860000,6.950674,shiller
1982-04,116.300000,94.900000,13.870000,7.259073,shiller
1982-05,116.400000,95.800000,13.620000,7.192612,shiller
1982-06,109.700000,97.000000,14.300000,6.692134,shiller
1982-07,109.400000,97.500000,13.950000,6.638653,shiller
1982-08,109.700000,97.700000,13.060000,6.643423,shiller
1982-09,122.400000,97.900000,12.340000,7.398838,shiller
1982-10,132.700000,98.200000,10.910000,7.999841,shiller
1982-11,138.100000,98.000000,10.550000,8.347477,shiller
1982-12,139.400000,97.600000,10.540000,8.467738,shiller
1983-01,144.300000,97.800000,10.460000,8.756783,shiller
1983-02,146.800000,97.900000,10.720000,8.910493,shiller
1983-03,151.900000,97.900000,10.510000,9.232830,shiller
1983-04,157.700000,98.600000,10.400000,9.531581,shiller
1983-05,164.100000,99.200000,10.380000,9.874457,shiller
1983-06,166.400000,99.500000,10.850000,10.000118,shiller
1983-07,167.000000,99.900000,11.380000,10.014476,shiller
1983-08,162.400000,100.200000,11.850000,9.728057,shiller
1983-09,167.200000,100.700000,11.650000,9.984202,shiller
1983-10,167.700000,101.000000,11.540000,10.003392,shiller
1983-11,165.200000,101.200000,11.690000,9.853582,shiller
1983-12,164.400000,101.300000,11.830000,9.815011,shiller
1984-01,166.400000,101.900000,11.670000,9.894932,shiller
1984-02,157.300000,102.400000,11.840000,9.324530,shiller
1984-03,157.400000,102.600000,12.320000,9.326747,shiller
1984-04,157.600000,103.100000,12.630000,9.305643,shiller
1984-05,156.600000,103.400000,13.410000,9.231832,shiller
1984-06,153.100000,103.700000,13.560000,9.010186,shiller
1984-07,151.100000,104.100000,13.360000,8.868302,shiller
1984-08,164.400000,104.500000,12.720000,9.623063,shiller
1984-09,166.100000,105.000000,12.520000,9.687341,shiller
1984-10,164.800000,105.300000,12.160000,9.595071,shiller
1984-11,166.300000,105.300000,11.570000,9.691973,shiller
1984-12,164.500000,105.300000,11.500000,9.595055,shiller
1985-01,171.600000,105.500000,11.380000,9.997001,shiller
1985-02,180.900000,106.000000,11.510000,10.494935,shiller
1985-03,179.400000,106.400000,11.860000,10.373217,shiller
1985-04,180.600000,106.900000,11.430000,10.397119,shiller
1985-05,184.900000,107.300000,10.850000,10.608120,shiller
1985-06,188.900000,107.600000,10.160000,10.810050,shiller
1985-07,192.500000,107.800000,10.310000,10.997564,shiller
1985-08,188.300000,108.000000,10.330000,10.738800,shiller
1985-09,184.100000,108.300000,10.370000,10.471235,shiller
1985-10,186.200000,108.700000,10.240000,10.552517,shiller
1985-11,197.500000,109.000000,9.780000,11.164611,shiller
1985-12,207.300000,109.300000,9.260000,11.690521,shiller
1986-01,208.200000,109.600000,9.190000,11.715008,shiller
1986-02,219.400000,109.300000,8.700000,12.388219,shiller
1986-03,232.300000,108.800000,7.780000,13.189023,shiller
1986-04,238.000000,108.600000,7.300000,13.552504,shiller
1986-05,238.500000,108.900000,7.710000,13.560046,shiller
1986-06,245.300000,109.500000,7.800000,13.888689,shiller
1986-07,240.200000,109.500000,7.300000,13.619996,shiller
1986-08,245.000000,109.700000,7.170000,13.887668,shiller
1986-09,238.300000,110.200000,7.450000,13.467314,shiller
1986-10,237.400000,110.300000,7.430000,13.425919,shiller
1986-11,245.100000,110.400000,7.250000,13.872986,shiller
1986-12,248.600000,110.500000,7.110000,14.085140,shiller
1987-01,264.500000,111.200000,7.080000,14.922208,shiller
1987-02,280.900000,111.600000,7.250000,15.822318,shiller
1987-03,292.500000,112.100000,7.250000,16.433344,shiller
1987-04,289.300000,112.700000,8.020000,16.196534,shiller
1987-05,289.100000,113.100000,8.610000,16.160312,shiller
1987-06,301.400000,113.500000,8.400000,16.825207,shiller
1987-07,310.100000,113.800000,8.450000,17.306004,shiller
1987-08,329.400000,114.400000,8.760000,18.326907,shiller
1987-09,318.700000,115.000000,9.420000,17.675620,shiller
1987-10,280.200000,115.300000,9.520000,15.530056,shiller
1987-11,245.000000,115.400000,8.860000,13.590885,shiller
1987-12,241.000000,115.400000,8.990000,13.389029,shiller
1988-01,250.500000,115.700000,8.670000,13.898337,shiller
1988-02,258.100000,116.000000,8.210000,14.298271,shiller
1988-03,265.700000,116.500000,8.370000,14.668947,shiller
1988-04,262.600000,117.100000,8.720000,14.433316,shiller
1988-05,256.100000,117.500000,9.090000,14.031891,shiller
1988-06,270.700000,118.000000,8.920000,14.766469,shiller
1988-07,269.100000,118.500000,9.060000,14.608316,shiller
1988-08,263.700000,119.000000,9.260000,14.244946,shiller
1988-09,268.000000,119.800000,8.980000,14.369429,shiller
1988-10,277.400000,120.200000,8.800000,14.811450,shiller
1988-11,271.000000,120.300000,8.960000,14.445531,shiller
1988-12,276.500000,120.500000,9.110000,14.702087,shiller
1989-01,285.400000,121.100000,9.090000,15.088072,shiller
1989-02,294.000000,121.600000,9.170000,15.467060,shiller
1989-03,292.700000,122.300000,9.360000,15.298969,shiller
1989-04,302.300000,123.100000,9.180000,15.686743,shiller
1989-05,313.900000,123.800000,8.860000,16.186354,shiller
1989-06,323.700000,124.100000,8.280000,16.641904,shiller
1989-07,331.900000,124.400000,8.020000,17.013408,shiller
1989-08,346.600000,124.600000,8.110000,17.734251,shiller
1989-09,347.300000,125.000000,8.190000,17.714221,shiller
1989-10,347.400000,125.600000,8.010000,17.640854,shiller
1989-11,340.200000,125.900000,7.870000,17.242369,shiller
1989-12,348.600000,126.100000,7.840000,17.650213,shiller
1990-01,339.970000,127.400000,8.210000,17.048844,shiller
1990-02,330.450000,128.000000,8.470000,16.508094,shiller
1990-03,338.460000,128.700000,8.590000,16.833748,shiller
1990-04,338.180000,128.900000,8.790000,16.813914,shiller
1990-05,350.250000,129.200000,8.760000,17.392414,shiller
1990-06,360.390000,129.900000,8.480000,17.817083,shiller
1990-07,360.030000,130.400000,8.470000,17.747172,shiller
1990-08,330.750000,131.600000,8.750000,16.168335,shiller
1990-09,315.410000,132.700000,8.890000,15.301285,shiller
1990-10,307.120000,133.500000,8.720000,14.818148,shiller
1990-11,315.290000,133.800000,8.390000,15.187608,shiller
1990-12,328.750000,133.800000,8.080000,15.846315,shiller
1991-01,325.490000,134.600000,8.090000,15.606190,shiller
1991-02,362.260000,134.800000,7.850000,17.354665,shiller
1991-03,372.280000,135.000000,8.110000,17.818620,shiller
1991-04,379.680000,135.200000,8.040000,18.155346,shiller
1991-05,377.990000,135.600000,8.070000,18.035431,shiller
1991-06,378.290000,136.000000,8.280000,18.015227,shiller
1991-07,380.230000,136.200000,8.270000,18.103452,shiller
1991-08,389.400000,136.600000,7.900000,18.512258,shiller
1991-09,387.200000,137.200000,7.650000,18.357283,shiller
1991-10,386.880000,137.400000,7.530000,18.349188,shiller
1991-11,385.920000,137.800000,7.420000,18.288868,shiller
1991-12,388.510000,137.900000,7.090000,18.441652,shiller
1992-01,416.080000,138.100000,7.030000,19.773068,shiller
1992-02,412.560000,138.600000,7.340000,19.582983,shiller
1992-03,407.360000,139.300000,7.540000,19.283562,shiller
1992-04,407.410000,139.500000,7.480000,19.301230,shiller
1992-05,414.810000,139.700000,7.390000,19.662280,shiller
1992-06,408.270000,140.200000,7.260000,19.315366,shiller
1992-07,415.050000,140.500000,6.840000,19.620741,shiller
1992-08,417.930000,140.900000,6.590000,19.722137,shiller
1992-09,418.480000,141.300000,6.420000,19.708766,shiller
1992-10,412.500000,141.800000,6.590000,19.370271,shiller
1992-11,422.840000,142.000000,6.870000,19.833656,shiller
1992-12,435.640000,141.900000,6.770000,20.448607,shiller
1993-01,435.230000,142.600000,6.600000,20.323411,shiller
1993-02,441.700000,143.100000,6.260000,20.545337,shiller
1993-03,450.160000,143.600000,5.980000,20.855200,shiller
1993-04,443.080000,144.000000,5.970000,20.457362,shiller
1993-05,445.250000,144.200000,6.040000,20.517606,shiller
1993-06,448.060000,144.400000,5.960000,20.608357,shiller
1993-07,447.290000,144.400000,5.810000,20.564596,shiller
1993-08,454.130000,144.800000,5.680000,20.812228,shiller
1993-09,459.240000,145.100000,5.360000,20.993501,shiller
1993-10,463.900000,145.700000,5.330000,21.109178,shiller
1993-11,462.890000,145.800000,5.720000,21.037901,shiller
1993-12,465.950000,145.800000,5.770000,21.164732,shiller
1994-01,472.990000,146.200000,5.750000,21.411975,shiller
1994-02,471.580000,146.700000,5.970000,21.263840,shiller
1994-03,463.810000,147.200000,6.480000,20.833376,shiller
1994-04,447.230000,147.400000,6.970000,20.055250,shiller
1994-05,450.900000,147.500000,7.180000,20.196492,shiller
1994-06,454.830000,148.000000,7.100000,20.290764,shiller
1994-07,451.400000,148.400000,7.300000,20.067952,shiller
1994-08,464.240000,149.000000,7.240000,20.535549,shiller
1994-09,466.960000,149.400000,7.460000,20.576450,shiller
1994-10,463.810000,149.500000,7.740000,20.395759,shiller
1994-11,461.010000,149.700000,7.960000,20.209473,shiller
1994-12,455.190000,149.700000,7.810000,19.911484,shiller
1995-01,465.250000,150.300000,7.780000,20.219119,shiller
1995-02,481.920000,150.900000,7.470000,20.802572,shiller
1995-03,493.150000,151.400000,7.200000,21.152737,shiller
1995-04,507.910000,151.900000,7.060000,21.642739,shiller
1995-05,523.810000,152.200000,6.630000,22.195427,shiller
1995-06,539.350000,152.500000,6.170000,22.718357,shiller
1995-07,557.370000,152.500000,6.280000,23.376413,shiller
1995-08,559.110000,152.900000,6.490000,23.284070,shiller
1995-09,578.770000,153.200000,6.200000,23.946007,shiller
1995-10,582.920000,153.700000,6.040000,23.926763,shiller
1995-11,595.530000,153.600000,5.930000,24.347587,shiller
1995-12,614.570000,153.500000,5.710000,25.027381,shiller
1996-01,614.420000,154.400000,5.650000,24.762465,shiller
1996-02,649.540000,154.900000,5.810000,25.976066,shiller
1996-03,647.070000,155.700000,6.270000,25.629930,shiller
1996-04,647.170000,156.300000,6.510000,25.424204,shiller
1996-05,661.230000,156.600000,6.740000,25.814044,shiller
1996-06,668.500000,156.700000,6.910000,25.966674,shiller
1996-07,644.070000,157.000000,6.870000,24.858411,shiller
1996-08,662.680000,157.300000,6.640000,25.412529,shiller
1996-09,674.880000,157.800000,6.830000,25.680116,shiller
1996-10,701.460000,158.300000,6.530000,26.483468,shiller
1996-11,735.670000,158.600000,6.200000,27.585612,shiller
1996-12,743.250000,158.600000,6.300000,27.723946,shiller
1997-01,766.220000,159.100000,6.580000,28.332870,shiller
1997-02,798.390000,159.600000,6.420000,29.265635,shiller
1997-03,792.160000,160.000000,6.690000,28.802459,shiller
1997-04,763.930000,160.200000,6.890000,27.585160,shiller
1997-05,833.090000,160.100000,6.710000,29.928362,shiller
1997-06,876.290000,160.300000,6.490000,31.256561,shiller
1997-07,925.290000,160.500000,6.220000,32.766638,shiller
1997-08,927.240000,160.800000,6.300000,32.586283,shiller
1997-09,937.020000,161.200000,6.210000,32.666581,shiller
1997-10,951.160000,161.600000,6.030000,32.901498,shiller
1997-11,938.920000,161.500000,5.880000,32.336601,shiller
1997-12,962.370000,161.300000,5.810000,33.030789,shiller
1998-01,963.360000,161.600000,5.540000,32.859968,shiller
1998-02,1023.740000,161.900000,5.570000,34.709678,shiller
1998-03,1076.830000,162.200000,5.650000,36.296928,shiller
1998-04,1112.200000,162.500000,5.640000,37.276934,shiller
1998-05,1108.420000,162.800000,5.650000,36.956599,shiller
1998-06,1108.390000,163.000000,5.500000,36.802293,shiller
1998-07,1156.580000,163.200000,5.460000,38.259645,shiller
1998-08,1074.620000,163.400000,5.340000,35.423401,shiller
1998-09,1020.640000,163.600000,4.810000,33.532357,shiller
1998-10,1032.470000,164.000000,4.530000,33.773103,shiller
1998-11,1144.430000,164.000000,4.830000,37.369392,shiller
1998-12,1190.050000,163.900000,4.650000,38.820275,shiller
1999-01,1248.770000,164.300000,4.720000,40.576958,shiller
1999-02,1246.580000,164.500000,5.000000,40.400159,shiller
1999-03,1281.660000,165.000000,5.230000,41.356104,shiller
1999-04,1334.760000,166.200000,5.180000,42.704510,shiller
1999-05,1332.070000,166.200000,5.540000,42.556677,shiller
1999-06,1322.550000,166.200000,5.900000,42.180676,shiller
1999-07,1380.990000,166.700000,5.790000,43.828036,shiller
1999-08,1327.490000,167.100000,5.940000,41.930712,shiller
1999-09,1318.170000,167.900000,5.920000,41.323451,shiller
1999-10,1300.010000,168.200000,6.110000,40.552854,shiller
1999-11,1391.000000,168.300000,6.030000,43.208291,shiller
1999-12,1428.680000,168.300000,6.280000,44.197940,shiller
2000-01,1425.590000,168.800000,6.660000,43.772578,shiller
2000-02,1388.870000,169.800000,6.520000,42.185636,shiller
2000-03,1442.210000,171.200000,6.260000,43.220748,shiller
2000-04,1461.360000,171.300000,5.990000,43.528574,shiller
2000-05,1418.480000,171.500000,6.440000,41.966051,shiller
2000-06,1461.960000,172.400000,6.100000,42.781972,shiller
2000-07,1473.000000,172.800000,6.050000,42.758094,shiller
2000-08,1485.460000,172.800000,5.830000,42.869565,shiller
2000-09,1468.050000,173.700000,5.800000,41.898008,shiller
2000-10,1390.140000,174.000000,5.740000,39.369699,shiller
2000-11,1378.040000,174.100000,5.720000,38.782142,shiller
2000-12,1330.930000,174.000000,5.240000,37.274238,shiller
2001-01,1335.630000,175.100000,5.160000,36.978868,shiller
2001-02,1305.750000,175.800000,5.100000,35.834663,shiller
2001-03,1185.850000,176.200000,4.890000,32.325837,shiller
2001-04,1189.840000,176.900000,5.140000,32.173901,shiller
2001-05,1270.370000,177.700000,5.390000,34.074643,shiller
2001-06,1238.710000,178.000000,5.280000,33.068534,shiller
2001-07,1204.450000,177.500000,5.240000,32.163039,shiller
2001-08,1178.500000,177.500000,4.970000,31.404319,shiller
2001-09,1044.640000,178.300000,4.730000,27.667393,shiller
2001-10,1076.590000,177.700000,4.570000,28.577373,shiller
2001-11,1129.680000,177.400000,4.650000,30.005104,shiller
2001-12,1144.930000,176.700000,5.090000,30.499953,shiller
2002-01,1140.210000,177.100000,5.040000,30.277204,shiller
2002-02,1100.670000,177.800000,4.910000,29.085704,shiller
2002-03,1153.790000,178.800000,5.280000,30.292131,shiller
2002-04,1111.930000,179.800000,5.210000,29.005883,shiller
2002-05,1079.250000,179.800000,5.160000,28.128108,shiller
2002-06,1014.020000,179.900000,4.930000,26.387673,shiller
2002-07,903.590000,180.100000,4.650000,23.463120,shiller
2002-08,912.550000,180.700000,4.260000,23.588714,shiller
2002-09,867.810000,181.000000,3.870000,22.365037,shiller
2002-10,854.630000,181.300000,3.940000,21.956234,shiller
2002-11,909.930000,181.300000,4.050000,23.348397,shiller
2002-12,899.180000,180.900000,4.030000,23.101443,shiller
2003-01,895.840000,181.700000,4.050000,22.898349,shiller
2003-02,837.030000,183.100000,3.900000,21.214102,shiller
2003-03,846.630000,184.200000,3.810000,21.309719,shiller
2003-04,890.030000,183.800000,3.960000,22.427940,shiller
2003-05,935.960000,183.500000,3.570000,23.591080,shiller
2003-06,988.000000,183.700000,3.330000,24.832223,shiller
2003-07,992.540000,183.900000,3.980000,24.867329,shiller
2003-08,989.530000,184.600000,4.450000,24.642251,shiller
2003-09,1019.440000,185.200000,4.270000,25.243687,shiller
2003-10,1038.730000,185.000000,4.290000,25.682756,shiller
2003-11,1049.900000,184.500000,4.300000,25.946798,shiller
2003-12,1080.640000,184.300000,4.270000,26.635171,shiller
2004-01,1132.520000,185.200000,4.150000,27.658540,shiller
2004-02,1143.360000,186.200000,4.080000,27.650862,shiller
2004-03,1123.980000,187.400000,3.830000,26.886530,shiller
2004-04,1133.360000,188.000000,4.350000,26.900578,shiller
2004-05,1102.780000,189.100000,4.720000,25.902814,shiller
2004-06,1132.760000,189.700000,4.730000,26.401285,shiller
2004-07,1105.850000,189.400000,4.500000,25.695889,shiller
2004-08,1088.940000,189.500000,4.280000,25.174462,shiller
2004-09,1117.660000,189.900000,4.130000,25.668407,shiller
2004-10,1117.210000,190.900000,4.100000,25.411656,shiller
2004-11,1168.940000,191.000000,4.190000,26.465311,shiller
2004-12,1199.210000,190.300000,4.230000,27.144809,shiller
2005-01,1181.410000,190.700000,4.220000,26.587251,shiller
2005-02,1199.630000,191.800000,4.170000,26.744863,shiller
2005-03,1194.900000,193.300000,4.500000,26.339142,shiller
2005-04,1164.430000,194.600000,4.340000,25.408923,shiller
2005-05,1178.280000,194.400000,4.140000,25.650230,shiller
2005-06,1202.250000,194.500000,4.000000,26.068395,shiller
2005-07,1222.240000,195.400000,4.180000,26.287871,shiller
2005-08,1224.270000,196.400000,4.260000,26.104381,shiller
2005-09,1225.920000,198.800000,4.200000,25.730123,shiller
2005-10,1191.960000,199.200000,4.460000,24.876539,shiller
2005-11,1237.370000,197.600000,4.540000,25.931783,shiller
2005-12,1262.070000,196.800000,4.470000,26.443803,shiller
2006-01,1278.730000,198.300000,4.420000,26.468703,shiller
2006-02,1276.650000,198.700000,4.570000,26.249625,shiller
2006-03,1293.740000,199.800000,4.720000,26.327838,shiller
2006-04,1302.170000,201.500000,4.990000,26.147281,shiller
2006-05,1290.010000,202.500000,5.110000,25.650641,shiller
2006-06,1253.170000,202.900000,5.110000,24.749582,shiller
2006-07,1260.240000,203.500000,5.090000,24.696787,shiller
2006-08,1287.150000,203.900000,4.880000,25.051394,shiller
2006-09,1317.740000,202.900000,4.720000,25.644156,shiller
2006-10,1363.380000,201.800000,4.730000,26.538040,shiller
2006-11,1388.640000,201.500000,4.600000,26.928020,shiller
2006-12,1416.420000,201.800000,4.560000,27.282690,shiller
2007-01,1424.160000,202.416000,4.760000,27.207537,shiller
2007-02,1444.800000,203.499000,4.720000,27.315181,shiller
2007-03,1406.950000,205.352000,4.560000,26.227606,shiller
2007-04,1463.640000,206.686000,4.690000,26.976268,shiller
2007-05,1511.140000,207.949000,4.750000,27.548490,shiller
2007-06,1514.190000,208.352000,5.100000,27.418263,shiller
2007-07,1520.710000,208.299000,5.000000,27.410088,shiller
2007-08,1454.620000,207.917000,4.670000,26.148607,shiller
2007-09,1497.120000,208.490000,4.520000,26.725743,shiller
2007-10,1539.660000,208.936000,4.530000,27.320648,shiller
2007-11,1463.390000,210.177000,4.150000,25.729054,shiller
2007-12,1479.220000,210.036000,4.100000,25.955510,shiller
2008-01,1378.760000,211.080000,3.740000,24.022318,shiller
2008-02,1354.870000,211.693000,3.740000,23.495263,shiller
2008-03,1316.940000,213.528000,3.510000,22.606811,shiller
2008-04,1370.470000,214.823000,3.680000,23.356041,shiller
2008-05,1403.220000,216.632000,3.880000,23.696432,shiller
2008-06,1341.250000,218.815000,4.100000,22.416813,shiller
2008-07,1257.330000,219.964000,4.010000,20.907206,shiller
2008-08,1281.470000,219.086000,3.890000,21.401617,shiller
2008-09,1216.950000,218.783000,3.690000,20.362734,shiller
2008-10,968.800000,216.573000,3.810000,16.387357,shiller
2008-11,883.040000,212.425000,3.530000,15.259659,shiller
2008-12,877.560000,210.228000,2.420000,15.376081,shiller
2009-01,865.580000,211.143000,2.520000,15.174652,shiller
2009-02,805.230000,212.193000,2.870000,14.122182,shiller
2009-03,757.130000,212.709000,2.820000,13.323668,shiller
2009-04,848.150000,213.240000,2.930000,14.981866,shiller
2009-05,902.410000,213.856000,3.290000,15.996356,shiller
2009-06,926.120000,215.693000,3.720000,16.384183,shiller
2009-07,935.820000,215.351000,3.560000,16.694621,shiller
2009-08,1009.730000,215.834000,3.590000,18.094070,shiller
2009-09,1044.550000,215.969000,3.400000,18.831902,shiller
2009-10,1067.660000,216.177000,3.390000,19.358008,shiller
2009-11,1088.070000,216.330000,3.400000,19.812761,shiller
2009-12,1110.380000,215.949000,3.590000,20.322377,shiller
2010-01,1123.580000,216.687000,3.730000,20.527860,shiller
2010-02,1089.160000,216.741000,3.690000,19.920539,shiller
2010-03,1152.050000,217.631000,3.730000,21.004601,shiller
2010-04,1197.320000,218.009000,3.850000,21.804846,shiller
2010-05,1125.060000,218.178000,3.420000,20.480069,shiller
2010-06,1083.360000,217.965000,3.200000,19.742040,shiller
2010-07,1079.800000,218.011000,3.010000,19.668660,shiller
2010-08,1087.280000,218.312000,2.700000,19.770299,shiller
2010-09,1122.080000,218.439000,2.650000,20.381395,shiller
2010-10,1171.580000,218.711000,2.540000,21.240128,shiller
2010-11,1198.890000,218.803000,2.760000,21.700724,shiller
2010-12,1241.530000,219.179000,3.290000,22.396380,shiller
2011-01,1282.620000,220.223000,3.390000,22.978299,shiller
2011-02,1321.120000,221.309000,3.580000,23.489829,shiller
2011-03,1304.490000,223.467000,3.410000,22.899336,shiller
2011-04,1331.510000,224.906000,3.460000,23.143929,shiller
2011-05,1338.310000,225.964000,3.170000,23.059492,shiller
2011-06,1287.290000,225.722000,3.000000,22.100831,shiller
2011-07,1325.190000,225.922000,3.000000,22.610982,shiller
2011-08,1185.310000,226.545000,2.300000,20.049853,shiller
2011-09,1173.880000,226.889000,1.980000,19.698115,shiller
2011-10,1207.220000,226.421000,2.150000,20.155825,shiller
2011-11,1226.420000,226.230000,2.010000,20.345247,shiller
2011-12,1243.320000,225.672000,1.980000,20.523575,shiller
2012-01,1300.580000,226.665000,1.970000,21.213008,shiller
2012-02,1352.490000,227.663000,1.970000,21.797436,shiller
2012-03,1389.240000,229.392000,2.170000,22.053944,shiller
2012-04,1386.430000,230.085000,2.050000,21.779247,shiller
2012-05,1341.270000,229.815000,1.800000,20.941467,shiller
2012-06,1323.480000,229.478000,1.620000,20.547504,shiller
2012-07,1359.780000,229.104000,1.530000,20.999341,shiller
2012-08,1403.450000,230.379000,1.680000,21.410428,shiller
2012-09,1443.420000,231.407000,1.720000,21.783690,shiller
2012-10,1437.820000,231.317000,1.750000,21.577110,shiller
2012-11,1394.510000,230.221000,1.650000,20.898162,shiller
2012-12,1422.290000,229.601000,1.720000,21.238261,shiller
2013-01,1480.400000,230.280000,1.910000,21.900475,shiller
2013-02,1512.310000,232.166000,1.980000,22.052724,shiller
2013-03,1550.830000,232.773000,1.960000,22.419207,shiller
2013-04,1570.700000,232.531000,1.760000,22.595655,shiller
2013-05,1639.840000,232.945000,1.930000,23.411842,shiller
2013-06,1618.770000,233.504000,2.300000,22.925333,shiller
2013-07,1668.680000,233.596000,2.580000,23.492460,shiller
2013-08,1670.090000,233.877000,2.740000,23.356649,shiller
2013-09,1687.170000,234.149000,2.810000,23.442287,shiller
2013-10,1720.030000,233.546000,2.620000,23.834738,shiller
2013-11,1783.540000,233.069000,2.720000,24.642077,shiller
2013-12,1807.780000,233.049000,2.900000,24.861869,shiller
2014-01,1822.360000,233.916000,2.860000,24.859609,shiller
2014-02,1817.040000,234.781000,2.710000,24.590931,shiller
2014-03,1863.520000,236.293000,2.720000,24.956039,shiller
2014-04,1864.260000,237.072000,2.710000,24.786315,shiller
2014-05,1889.770000,237.900000,2.560000,24.943274,shiller
2014-06,1947.090000,238.343000,2.600000,25.558008,shiller
2014-07,1973.100000,238.250000,2.540000,25.817546,shiller
2014-08,1961.530000,237.852000,2.420000,25.617606,shiller
2014-09,1993.230000,238.031000,2.530000,25.918437,shiller
2014-10,1937.270000,237.433000,2.300000,25.162748,shiller
2014-11,2044.570000,236.151000,2.330000,26.606817,shiller
2014-12,2054.270000,234.812000,2.210000,26.794085,shiller
2015-01,2028.180000,233.707000,1.880000,26.492295,shiller
2015-02,2082.200000,234.722000,1.980000,26.995514,shiller
2015-03,2079.990000,236.119000,2.040000,26.728605,shiller
2015-04,2094.860000,236.599000,1.940000,26.791372,shiller
2015-05,2111.940000,237.805000,2.200000,26.806111,shiller
2015-06,2099.290000,238.638000,2.360000,26.495895,shiller
2015-07,2094.140000,238.654000,2.320000,26.381136,shiller
2015-08,2039.870000,238.316000,2.170000,25.693658,shiller
2015-09,1944.410000,237.945000,2.170000,24.496752,shiller
2015-10,2024.810000,237.838000,2.070000,25.491441,shiller
2015-11,2080.620000,237.336000,2.260000,26.225852,shiller
2015-12,2054.080000,236.525000,2.240000,25.965424,shiller
2016-01,1918.600000,236.916000,2.090000,24.206167,shiller
2016-02,1904.420000,237.111000,1.780000,24.002607,shiller
2016-03,2021.950000,238.132000,1.890000,25.372299,shiller
2016-04,2075.540000,239.261000,1.810000,25.922338,shiller
2016-05,2065.550000,240.229000,1.810000,25.694710,shiller
2016-06,2083.890000,241.018000,1.640000,25.840373,shiller
2016-07,2148.900000,240.628000,1.500000,26.694003,shiller
2016-08,2170.950000,240.849000,1.560000,26.948872,shiller
2016-09,2157.690000,241.428000,1.630000,26.727873,shiller
2016-10,2143.020000,241.729000,1.760000,26.525143,shiller
2016-11,2164.990000,241.353000,2.140000,26.850954,shiller
2016-12,2246.630000,241.432000,2.490000,27.865098,shiller
2017-01,2275.120000,242.839000,2.430000,28.063574,shiller
2017-02,2329.910000,243.603000,2.420000,28.655107,shiller
2017-03,2366.820000,243.801000,2.480000,29.086922,shiller
2017-04,2359.310000,244.524000,2.300000,28.904246,shiller
2017-05,2395.350000,244.733000,2.300000,29.313345,shiller
2017-06,2433.990000,244.955000,2.190000,29.748503,shiller
2017-07,2454.100000,244.786000,2.320000,30.002221,shiller
2017-08,2456.220000,245.519000,2.210000,29.914959,shiller
2017-09,2492.840000,246.819000,2.200000,30.168114,shiller
2017-10,2557.000000,246.663000,2.360000,30.920393,shiller
2017-11,2593.610000,246.669000,2.350000,31.298913,shiller
2017-12,2664.340000,246.524000,2.400000,32.086132,shiller
2018-01,2789.800000,247.867000,2.580000,33.307344,shiller
2018-02,2705.160000,248.991000,2.860000,32.035382,shiller
2018-03,2702.770000,249.554000,2.840000,31.808409,shiller
2018-04,2653.630000,250.546000,2.870000,30.970179,shiller
2018-05,2701.490000,251.588000,2.976000,31.243615,shiller
2018-06,2754.350000,251.989000,2.910000,31.630556,shiller
2018-07,2793.640000,252.006000,2.890000,31.886367,shiller
2018-08,2857.820000,252.146000,2.890000,32.390277,shiller
2018-09,2901.500000,252.439000,3.000000,32.622891,shiller
2018-10,2785.460000,252.885000,3.150000,31.037961,shiller
2018-11,2723.230000,252.038000,3.120000,30.195583,shiller
2018-12,2567.310000,251.233000,2.830000,28.291857,shiller
2019-01,2607.390000,251.712000,2.710000,28.380164,shiller
2019-02,2754.860000,252.776000,2.680000,29.541549,shiller
2019-03,2803.980000,254.202000,2.570000,29.576196,shiller
2019-04,2903.800000,255.548000,2.530000,30.133517,shiller
2019-05,2854.710000,256.092000,2.400000,29.242031,shiller
2019-06,2890.170000,256.143000,2.060000,29.283796,shiller
2019-07,2996.113636,256.571000,1.630000,29.986685,shiller
2019-08,2897.498182,256.558000,1.630000,28.705397,shiller
2019-09,2982.156000,256.759000,1.700000,29.229520,shiller
2019-10,2977.680000,257.346000,1.710000,28.841123,shiller
2019-11,3104.904500,257.208000,1.810000,29.836868,shiller
2019-12,3176.749524,256.974000,1.860000,30.331822,shiller
2020-01,3278.202857,257.971000,1.760000,30.985220,shiller
2020-02,3277.314211,258.678000,1.500000,30.729689,shiller
2020-03,2652.393636,258.115000,0.870000,24.817169,shiller
2020-04,2761.975238,256.389000,0.660000,25.927359,shiller
2020-05,2919.615000,256.394000,0.670000,27.328481,shiller
2020-06,3104.660909,257.797000,0.730000,28.838316,shiller
2020-07,3207.619091,259.101000,0.620000,29.599195,shiller
2020-08,3391.710000,259.918000,0.650000,31.158209,shiller
2020-09,3365.516667,260.280000,0.680000,30.839426,shiller
2020-10,3418.701364,260.388000,0.790000,31.283694,shiller
2020-11,3548.992500,260.229000,0.870000,32.473204,shiller
2020-12,3695.310000,260.474000,0.930000,33.765591,shiller
2021-01,3793.748421,261.582000,1.080000,34.512432,shiller
2021-02,3883.432105,263.014000,1.260000,35.103907,shiller
2021-03,3910.508261,264.877000,1.610000,35.042545,shiller
2021-04,4141.176190,267.054000,1.640000,36.719814,shiller
2021-05,4167.849500,269.195000,1.620000,36.552134,shiller
2021-06,4238.489545,271.696000,1.520000,36.696258,shiller
2021-07,4363.712857,273.003000,1.320000,37.443383,shiller
2021-08,4454.206364,273.567000,1.280000,37.973501,shiller
2021-09,4445.543333,274.310000,1.370000,37.620347,shiller
2021-10,4460.707143,276.589000,1.580000,37.253025,shiller
2021-11,4667.386667,277.948000,1.560000,38.582627,shiller
2021-12,4674.772727,278.802000,1.470000,38.304850,shiller
2022-01,4573.815500,281.148000,1.760000,36.936758,shiller
2022-02,4435.980526,283.716000,1.930000,35.287149,shiller
2022-03,4391.265217,287.504000,2.130000,34.270799,shiller
2022-04,4391.296000,289.109000,2.750000,33.889165,shiller
2022-05,4040.360000,292.296000,2.900000,30.673155,shiller
2022-06,3898.946667,296.311000,3.140000,29.047721,shiller
2022-07,3911.729500,296.276000,2.900000,29.004618,shiller
2022-08,4158.563043,296.171000,2.900000,30.698763,shiller
2022-09,3850.520476,296.808000,3.520000,28.229885,shiller
2022-10,3726.050952,298.012000,3.980000,27.080767,shiller
2022-11,3917.488571,297.711000,3.890000,28.378949,shiller
2022-12,3912.380952,296.797000,3.620000,28.316901,shiller
2023-01,3960.656500,299.170000,3.530000,28.334813,shiller
2023-02,4079.684737,300.840000,3.750000,28.919763,shiller
2023-03,3968.559130,301.675000,3.660000,27.953041,shiller
2023-04,4121.467368,303.363000,3.460000,28.764684,shiller
2023-05,4146.173182,304.127000,3.570000,28.761806,shiller
2023-06,4345.372857,305.109000,3.750000,29.939593,shiller
2023-07,4508.075500,305.691000,3.900000,30.890926,shiller
2023-08,4457.358696,307.026000,4.170000,30.090000,fred+multpl
2023-09,4409.095000,307.789000,4.380000,29.800000,fred+multpl
2023-10,4269.400909,307.671000,4.800000,28.700000,fred+multpl
2023-11,4460.063333,307.051000,4.500000,30.010000,fred+multpl
2023-12,4685.051500,306.746000,4.020000,31.450000,fred+multpl
2024-01,4804.491429,308.417000,4.060000,31.970000,fred+multpl
2024-02,5011.961500,310.326000,4.210000,33.040000,fred+multpl
2024-03,5170.572500,312.332000,4.210000,33.760000,fred+multpl
2024-04,5112.492727,313.548000,4.540000,33.030000,fred+multpl
2024-05,5235.225455,314.069000,4.480000,33.780000,fred+multpl
2024-06,5415.140526,314.175000,4.310000,34.810000,fred+multpl
2024-07,5538.004545,314.540000,4.250000,35.480000,fred+multpl
2024-08,5478.214545,314.796000,3.870000,35.080000,fred+multpl
2024-09,5621.260500,315.301000,3.720000,35.700000,fred+multpl
2024-10,5792.319565,315.664000,4.100000,36.590000,fred+multpl
2024-11,5929.916000,315.493000,4.360000,37.360000,fred+multpl
2024-12,6010.908571,315.605000,4.390000,37.720000,fred+multpl
2025-01,5979.515500,317.671000,4.630000,37.140000,fred+multpl
2025-02,6038.690000,319.082000,4.450000,37.190000,fred+multpl
2025-03,5683.983333,319.799000,4.280000,34.790000,fred+multpl
2025-04,5369.495714,320.795000,4.280000,32.630000,fred+multpl
2025-05,5810.919524,321.465000,4.420000,35.080000,fred+multpl
2025-06,6029.951500,322.561000,4.380000,36.120000,fred+multpl
2025-07,6296.498182,323.048000,4.390000,37.480000,fred+multpl
2025-08,6408.949524,323.976000,4.260000,37.850000,fred+multpl
2025-09,6584.018095,324.800000,4.120000,38.590000,fred+multpl
2025-10,6735.691739,,4.060000,39.310000,fred+multpl
2025-11,6740.885789,324.122000,4.090000,39.160000,fred+multpl
2025-12,6853.025455,324.054000,4.140000,39.590000,fred+multpl
2026-01,6929.122000,325.252000,4.210000,39.650000,fred+multpl
2026-02,6893.806316,326.785000,4.130000,39.020000,fred+multpl
2026-03,6654.419091,330.213000,4.250000,37.040000,fred+multpl
2026-04,6957.007619,333.020000,4.320000,38.150000,fred+multpl
2026-05,7412.551500,335.123000,4.480000,40.110000,fred+multpl
2026-06,7450.032857,333.952000,4.470000,40.160000,fred+multpl
2026-07,7481.339091,333.918000,4.600000,40.020000,fred+multpl
2026-08,7711.323333,334.980000,4.680000,41.130000,fred+multpl
